"year","month","region","country","registrations"
2023,1,"USA","USA",53875
2023,2,"USA","USA",60325
2023,3,"USA","USA",58859
2023,4,"USA","USA",56887
2023,5,"USA","USA",56785
2023,6,"USA","USA",59635
2023,7,"USA","USA",58142
2023,8,"USA","USA",58432
2023,9,"USA","USA",51451
2023,10,"USA","USA",50666
2023,11,"USA","USA",51100
2023,12,"USA","USA",56481
2024,1,"USA","USA",53830
2024,2,"USA","USA",54045
2024,3,"USA","USA",50467
2024,4,"USA","USA",47300
2024,5,"USA","USA",51635
2024,6,"USA","USA",54208
2024,7,"USA","USA",53002
2024,8,"USA","USA",53160
2024,10,"USA","USA",53175
2024,11,"USA","USA",51513
2024,12,"USA","USA",57700
2025,1,"USA","USA",48500
2025,2,"USA","USA",43650
2025,3,"USA","USA",44835
2023,1,"EUROPE","AUSTRIA",373
2023,2,"EUROPE","AUSTRIA",853
2023,3,"EUROPE","AUSTRIA",1487
2023,4,"EUROPE","AUSTRIA",410
2023,5,"EUROPE","AUSTRIA",848
2023,6,"EUROPE","AUSTRIA",924
2023,7,"EUROPE","AUSTRIA",366
2023,8,"EUROPE","AUSTRIA",880
2023,9,"EUROPE","AUSTRIA",598
2023,10,"EUROPE","AUSTRIA",339
2023,11,"EUROPE","AUSTRIA",752
2023,12,"EUROPE","AUSTRIA",587
2024,1,"EUROPE","AUSTRIA",391
2024,2,"EUROPE","AUSTRIA",876
2024,3,"EUROPE","AUSTRIA",1239
2024,4,"EUROPE","AUSTRIA",387
2024,5,"EUROPE","AUSTRIA",499
2024,6,"EUROPE","AUSTRIA",1050
2024,7,"EUROPE","AUSTRIA",245
2024,8,"EUROPE","AUSTRIA",398
2024,9,"EUROPE","AUSTRIA",961
2024,10,"EUROPE","AUSTRIA",273
2024,11,"EUROPE","AUSTRIA",440
2024,12,"EUROPE","AUSTRIA",235
2025,1,"EUROPE","AUSTRIA",227
2025,2,"EUROPE","AUSTRIA",262
2025,3,"EUROPE","AUSTRIA",815
2025,4,"EUROPE","AUSTRIA",59
2023,1,"EUROPE","CZECH_REPUBLIC",48
2023,2,"EUROPE","CZECH_REPUBLIC",93
2023,3,"EUROPE","CZECH_REPUBLIC",159
2023,4,"EUROPE","CZECH_REPUBLIC",145
2023,5,"EUROPE","CZECH_REPUBLIC",171
2025,3,"EUROPE","CZECH_REPUBLIC",359
2023,1,"EUROPE","DENMARK",499
2023,2,"EUROPE","DENMARK",1051
2023,3,"EUROPE","DENMARK",3675
2023,4,"EUROPE","DENMARK",932
2023,5,"EUROPE","DENMARK",1431
2023,6,"EUROPE","DENMARK",2827
2023,7,"EUROPE","DENMARK",830
2023,8,"EUROPE","DENMARK",1390
2023,9,"EUROPE","DENMARK",2425
2023,10,"EUROPE","DENMARK",780
2023,11,"EUROPE","DENMARK",2427
2023,12,"EUROPE","DENMARK",4069
2024,1,"EUROPE","DENMARK",763
2024,2,"EUROPE","DENMARK",1071
2024,3,"EUROPE","DENMARK",1724
2024,4,"EUROPE","DENMARK",549
2024,5,"EUROPE","DENMARK",1066
2024,6,"EUROPE","DENMARK",3337
2024,7,"EUROPE","DENMARK",706
2024,8,"EUROPE","DENMARK",813
2024,9,"EUROPE","DENMARK",1853
2024,10,"EUROPE","DENMARK",721
2024,11,"EUROPE","DENMARK",1054
2024,12,"EUROPE","DENMARK",2377
2025,1,"EUROPE","DENMARK",447
2025,2,"EUROPE","DENMARK",509
2025,3,"EUROPE","DENMARK",593
2023,1,"EUROPE","FINLAND",49
2023,2,"EUROPE","FINLAND",382
2023,3,"EUROPE","FINLAND",897
2023,4,"EUROPE","FINLAND",226
2023,5,"EUROPE","FINLAND",532
2023,6,"EUROPE","FINLAND",899
2023,7,"EUROPE","FINLAND",120
2023,8,"EUROPE","FINLAND",573
2023,9,"EUROPE","FINLAND",1202
2023,10,"EUROPE","FINLAND",149
2023,11,"EUROPE","FINLAND",432
2023,12,"EUROPE","FINLAND",677
2024,1,"EUROPE","FINLAND",169
2024,2,"EUROPE","FINLAND",238
2024,3,"EUROPE","FINLAND",487
2024,4,"EUROPE","FINLAND",128
2024,5,"EUROPE","FINLAND",304
2024,6,"EUROPE","FINLAND",479
2024,7,"EUROPE","FINLAND",59
2024,8,"EUROPE","FINLAND",312
2024,9,"EUROPE","FINLAND",456
2024,10,"EUROPE","FINLAND",145
2024,11,"EUROPE","FINLAND",323
2024,12,"EUROPE","FINLAND",617
2025,1,"EUROPE","FINLAND",58
2025,2,"EUROPE","FINLAND",122
2025,3,"EUROPE","FINLAND",295
2023,1,"EUROPE","FRANCE",741
2023,2,"EUROPE","FRANCE",3376
2023,3,"EUROPE","FRANCE",8710
2023,4,"EUROPE","FRANCE",1824
2023,5,"EUROPE","FRANCE",4012
2023,6,"EUROPE","FRANCE",8516
2023,7,"EUROPE","FRANCE",2718
2023,8,"EUROPE","FRANCE",5365
2023,9,"EUROPE","FRANCE",5557
2023,10,"EUROPE","FRANCE",3262
2023,11,"EUROPE","FRANCE",9389
2023,12,"EUROPE","FRANCE",9572
2024,1,"EUROPE","FRANCE",3118
2024,2,"EUROPE","FRANCE",3244
2024,3,"EUROPE","FRANCE",4998
2024,4,"EUROPE","FRANCE",2128
2024,5,"EUROPE","FRANCE",2197
2024,6,"EUROPE","FRANCE",4053
2024,7,"EUROPE","FRANCE",1780
2024,8,"EUROPE","FRANCE",2523
2024,9,"EUROPE","FRANCE",5435
2024,10,"EUROPE","FRANCE",1741
2024,11,"EUROPE","FRANCE",3773
2024,12,"EUROPE","FRANCE",5719
2025,1,"EUROPE","FRANCE",1141
2025,2,"EUROPE","FRANCE",2395
2025,3,"EUROPE","FRANCE",3157
2023,1,"EUROPE","GERMANY",4241
2023,2,"EUROPE","GERMANY",7710
2023,3,"EUROPE","GERMANY",8703
2023,4,"EUROPE","GERMANY",2420
2023,5,"EUROPE","GERMANY",5265
2023,6,"EUROPE","GERMANY",8043
2023,7,"EUROPE","GERMANY",3904
2023,8,"EUROPE","GERMANY",6903
2023,9,"EUROPE","GERMANY",4216
2023,10,"EUROPE","GERMANY",3353
2023,11,"EUROPE","GERMANY",4923
2023,12,"EUROPE","GERMANY",4001
2024,1,"EUROPE","GERMANY",3152
2024,2,"EUROPE","GERMANY",6038
2024,3,"EUROPE","GERMANY",3878
2024,4,"EUROPE","GERMANY",1637
2024,5,"EUROPE","GERMANY",1896
2024,6,"EUROPE","GERMANY",4648
2024,7,"EUROPE","GERMANY",2470
2024,8,"EUROPE","GERMANY",2370
2024,9,"EUROPE","GERMANY",3758
2024,10,"EUROPE","GERMANY",1614
2024,11,"EUROPE","GERMANY",2208
2024,12,"EUROPE","GERMANY",3905
2025,1,"EUROPE","GERMANY",1277
2025,2,"EUROPE","GERMANY",1429
2025,3,"EUROPE","GERMANY",2229
2023,1,"EUROPE","ICELAND",5
2023,2,"EUROPE","ICELAND",172
2023,3,"EUROPE","ICELAND",443
2023,4,"EUROPE","ICELAND",91
2023,5,"EUROPE","ICELAND",369
2023,6,"EUROPE","ICELAND",425
2023,7,"EUROPE","ICELAND",79
2023,8,"EUROPE","ICELAND",285
2023,9,"EUROPE","ICELAND",328
2023,10,"EUROPE","ICELAND",176
2023,11,"EUROPE","ICELAND",627
2023,12,"EUROPE","ICELAND",547
2024,1,"EUROPE","ICELAND",12
2024,2,"EUROPE","ICELAND",24
2024,3,"EUROPE","ICELAND",51
2024,4,"EUROPE","ICELAND",23
2024,5,"EUROPE","ICELAND",36
2024,6,"EUROPE","ICELAND",78
2024,7,"EUROPE","ICELAND",29
2024,8,"EUROPE","ICELAND",43
2024,9,"EUROPE","ICELAND",53
2024,10,"EUROPE","ICELAND",74
2024,11,"EUROPE","ICELAND",53
2024,12,"EUROPE","ICELAND",87
2025,1,"EUROPE","ICELAND",41
2025,2,"EUROPE","ICELAND",41
2025,3,"EUROPE","ICELAND",241
2023,1,"EUROPE","IRELAND",1
2023,2,"EUROPE","IRELAND",1
2023,3,"EUROPE","IRELAND",676
2023,4,"EUROPE","IRELAND",224
2023,5,"EUROPE","IRELAND",232
2023,6,"EUROPE","IRELAND",1035
2023,7,"EUROPE","IRELAND",41
2023,8,"EUROPE","IRELAND",352
2023,9,"EUROPE","IRELAND",402
2023,10,"EUROPE","IRELAND",118
2023,11,"EUROPE","IRELAND",152
2023,12,"EUROPE","IRELAND",137
2024,1,"EUROPE","IRELAND",66
2024,2,"EUROPE","IRELAND",346
2024,3,"EUROPE","IRELAND",418
2024,4,"EUROPE","IRELAND",18
2024,5,"EUROPE","IRELAND",237
2024,6,"EUROPE","IRELAND",511
2024,7,"EUROPE","IRELAND",203
2024,8,"EUROPE","IRELAND",365
2024,9,"EUROPE","IRELAND",254
2024,10,"EUROPE","IRELAND",38
2024,11,"EUROPE","IRELAND",233
2024,12,"EUROPE","IRELAND",237
2025,1,"EUROPE","IRELAND",143
2025,2,"EUROPE","IRELAND",396
2025,3,"EUROPE","IRELAND",333
2023,1,"EUROPE","ITALY",326
2023,2,"EUROPE","ITALY",1313
2023,3,"EUROPE","ITALY",2911
2023,4,"EUROPE","ITALY",740
2023,5,"EUROPE","ITALY",1477
2023,6,"EUROPE","ITALY",1751
2023,7,"EUROPE","ITALY",478
2023,8,"EUROPE","ITALY",2129
2023,9,"EUROPE","ITALY",906
2023,10,"EUROPE","ITALY",908
2023,11,"EUROPE","ITALY",2710
2023,12,"EUROPE","ITALY",983
2024,1,"EUROPE","ITALY",404
2024,2,"EUROPE","ITALY",1851
2024,3,"EUROPE","ITALY",1465
2024,4,"EUROPE","ITALY",345
2024,5,"EUROPE","ITALY",1073
2024,6,"EUROPE","ITALY",4993
2024,7,"EUROPE","ITALY",474
2024,8,"EUROPE","ITALY",435
2024,9,"EUROPE","ITALY",1949
2024,10,"EUROPE","ITALY",484
2024,11,"EUROPE","ITALY",808
2024,12,"EUROPE","ITALY",1360
2025,1,"EUROPE","ITALY",408
2025,2,"EUROPE","ITALY",843
2025,3,"EUROPE","ITALY",2217
2023,1,"EUROPE","NETHERLANDS",591
2023,2,"EUROPE","NETHERLANDS",725
2023,3,"EUROPE","NETHERLANDS",3160
2023,4,"EUROPE","NETHERLANDS",767
2023,5,"EUROPE","NETHERLANDS",1267
2023,6,"EUROPE","NETHERLANDS",2717
2023,7,"EUROPE","NETHERLANDS",757
2023,8,"EUROPE","NETHERLANDS",1992
2023,9,"EUROPE","NETHERLANDS",1872
2023,10,"EUROPE","NETHERLANDS",1083
2023,11,"EUROPE","NETHERLANDS",2112
2023,12,"EUROPE","NETHERLANDS",2385
2024,1,"EUROPE","NETHERLANDS",1610
2024,2,"EUROPE","NETHERLANDS",1287
2024,3,"EUROPE","NETHERLANDS",3957
2024,4,"EUROPE","NETHERLANDS",1462
2024,5,"EUROPE","NETHERLANDS",1660
2024,6,"EUROPE","NETHERLANDS",3471
2024,7,"EUROPE","NETHERLANDS",1180
2024,8,"EUROPE","NETHERLANDS",1547
2024,9,"EUROPE","NETHERLANDS",3884
2024,10,"EUROPE","NETHERLANDS",1238
2024,11,"EUROPE","NETHERLANDS",2881
2024,12,"EUROPE","NETHERLANDS",5905
2025,1,"EUROPE","NETHERLANDS",927
2025,2,"EUROPE","NETHERLANDS",983
2025,3,"EUROPE","NETHERLANDS",1536
2023,1,"EUROPE","NORWAY",21
2023,2,"EUROPE","NORWAY",1551
2023,3,"EUROPE","NORWAY",7899
2023,4,"EUROPE","NORWAY",977
2023,5,"EUROPE","NORWAY",2949
2023,6,"EUROPE","NORWAY",3450
2023,7,"EUROPE","NORWAY",220
2023,8,"EUROPE","NORWAY",1704
2023,9,"EUROPE","NORWAY",2500
2023,10,"EUROPE","NORWAY",678
2023,11,"EUROPE","NORWAY",1688
2023,12,"EUROPE","NORWAY",1768
2024,1,"EUROPE","NORWAY",1109
2024,2,"EUROPE","NORWAY",1778
2024,3,"EUROPE","NORWAY",2234
2024,4,"EUROPE","NORWAY",873
2024,5,"EUROPE","NORWAY",832
2024,6,"EUROPE","NORWAY",3672
2024,7,"EUROPE","NORWAY",457
2024,8,"EUROPE","NORWAY",2485
2024,9,"EUROPE","NORWAY",4210
2024,10,"EUROPE","NORWAY",1348
2024,11,"EUROPE","NORWAY",2258
2024,12,"EUROPE","NORWAY",3003
2025,1,"EUROPE","NORWAY",689
2025,2,"EUROPE","NORWAY",917
2025,3,"EUROPE","NORWAY",2211
2023,1,"EUROPE","POLAND",53
2023,2,"EUROPE","POLAND",260
2023,3,"EUROPE","POLAND",733
2023,4,"EUROPE","POLAND",310
2023,5,"EUROPE","POLAND",387
2023,6,"EUROPE","POLAND",574
2023,7,"EUROPE","POLAND",202
2023,8,"EUROPE","POLAND",508
2023,9,"EUROPE","POLAND",367
2023,10,"EUROPE","POLAND",256
2023,11,"EUROPE","POLAND",555
2023,12,"EUROPE","POLAND",429
2024,1,"EUROPE","POLAND",201
2024,2,"EUROPE","POLAND",432
2024,3,"EUROPE","POLAND",631
2024,4,"EUROPE","POLAND",249
2024,5,"EUROPE","POLAND",367
2024,6,"EUROPE","POLAND",838
2024,7,"EUROPE","POLAND",179
2024,8,"EUROPE","POLAND",172
2024,9,"EUROPE","POLAND",587
2024,10,"EUROPE","POLAND",184
2024,11,"EUROPE","POLAND",229
2024,12,"EUROPE","POLAND",392
2025,1,"EUROPE","POLAND",103
2025,2,"EUROPE","POLAND",194
2025,3,"EUROPE","POLAND",602
2023,1,"EUROPE","PORTUGAL",230
2023,2,"EUROPE","PORTUGAL",876
2023,3,"EUROPE","PORTUGAL",990
2023,4,"EUROPE","PORTUGAL",282
2023,5,"EUROPE","PORTUGAL",867
2023,6,"EUROPE","PORTUGAL",862
2023,7,"EUROPE","PORTUGAL",496
2023,8,"EUROPE","PORTUGAL",1167
2023,9,"EUROPE","PORTUGAL",354
2023,10,"EUROPE","PORTUGAL",256
2023,11,"EUROPE","PORTUGAL",1765
2023,12,"EUROPE","PORTUGAL",1183
2024,1,"EUROPE","PORTUGAL",549
2024,2,"EUROPE","PORTUGAL",1155
2024,3,"EUROPE","PORTUGAL",1184
2024,4,"EUROPE","PORTUGAL",451
2024,5,"EUROPE","PORTUGAL",906
2024,6,"EUROPE","PORTUGAL",1225
2024,7,"EUROPE","PORTUGAL",551
2024,8,"EUROPE","PORTUGAL",181
2024,9,"EUROPE","PORTUGAL",1025
2024,10,"EUROPE","PORTUGAL",349
2024,11,"EUROPE","PORTUGAL",801
2024,12,"EUROPE","PORTUGAL",1383
2025,1,"EUROPE","PORTUGAL",389
2025,2,"EUROPE","PORTUGAL",547
2025,3,"EUROPE","PORTUGAL",1209
2023,1,"EUROPE","SWEDEN",225
2023,2,"EUROPE","SWEDEN",518
2023,3,"EUROPE","SWEDEN",3940
2023,4,"EUROPE","SWEDEN",742
2023,5,"EUROPE","SWEDEN",2477
2023,6,"EUROPE","SWEDEN",3034
2023,7,"EUROPE","SWEDEN",492
2023,8,"EUROPE","SWEDEN",1717
2023,9,"EUROPE","SWEDEN",3164
2023,10,"EUROPE","SWEDEN",721
2023,11,"EUROPE","SWEDEN",1512
2023,12,"EUROPE","SWEDEN",1789
2024,1,"EUROPE","SWEDEN",730
2024,2,"EUROPE","SWEDEN",1058
2024,3,"EUROPE","SWEDEN",2524
2024,4,"EUROPE","SWEDEN",1051
2024,5,"EUROPE","SWEDEN",1086
2024,6,"EUROPE","SWEDEN",2745
2024,7,"EUROPE","SWEDEN",1146
2024,8,"EUROPE","SWEDEN",1348
2024,9,"EUROPE","SWEDEN",4792
2024,10,"EUROPE","SWEDEN",1175
2024,11,"EUROPE","SWEDEN",1446
2024,12,"EUROPE","SWEDEN",2795
2025,1,"EUROPE","SWEDEN",405
2025,2,"EUROPE","SWEDEN",613
2025,3,"EUROPE","SWEDEN",911
2023,1,"EUROPE","SWITZERLAND",115
2023,2,"EUROPE","SWITZERLAND",195
2023,3,"EUROPE","SWITZERLAND",1252
2023,4,"EUROPE","SWITZERLAND",475
2023,5,"EUROPE","SWITZERLAND",919
2023,6,"EUROPE","SWITZERLAND",1374
2023,7,"EUROPE","SWITZERLAND",453
2023,8,"EUROPE","SWITZERLAND",795
2023,9,"EUROPE","SWITZERLAND",991
2023,10,"EUROPE","SWITZERLAND",310
2023,11,"EUROPE","SWITZERLAND",792
2023,12,"EUROPE","SWITZERLAND",1086
2024,1,"EUROPE","SWITZERLAND",327
2024,2,"EUROPE","SWITZERLAND",1003
2024,3,"EUROPE","SWITZERLAND",1934
2024,4,"EUROPE","SWITZERLAND",450
2024,5,"EUROPE","SWITZERLAND",521
2024,6,"EUROPE","SWITZERLAND",962
2024,7,"EUROPE","SWITZERLAND",368
2024,8,"EUROPE","SWITZERLAND",629
2024,9,"EUROPE","SWITZERLAND",1048
2024,10,"EUROPE","SWITZERLAND",260
2024,11,"EUROPE","SWITZERLAND",536
2024,12,"EUROPE","SWITZERLAND",892
2025,1,"EUROPE","SWITZERLAND",327
2025,2,"EUROPE","SWITZERLAND",248
2025,3,"EUROPE","SWITZERLAND",663
2023,1,"EUROPE","UK",579
2023,2,"EUROPE","UK",2283
2023,3,"EUROPE","UK",10493
2023,4,"EUROPE","UK",1813
2023,5,"EUROPE","UK",3439
2023,6,"EUROPE","UK",7533
2023,7,"EUROPE","UK",3141
2023,8,"EUROPE","UK",4021
2023,9,"EUROPE","UK",6427
2023,10,"EUROPE","UK",2677
2023,11,"EUROPE","UK",1648
2023,12,"EUROPE","UK",5517
2024,1,"EUROPE","UK",1581
2024,2,"EUROPE","UK",3192
2024,3,"EUROPE","UK",6995
2024,4,"EUROPE","UK",1352
2024,5,"EUROPE","UK",3152
2024,6,"EUROPE","UK",6757
2024,7,"EUROPE","UK",2462
2024,8,"EUROPE","UK",3013
2024,9,"EUROPE","UK",7656
2024,10,"EUROPE","UK",971
2024,11,"EUROPE","UK",4558
2024,12,"EUROPE","UK",8645
2025,1,"EUROPE","UK",1458
2025,2,"EUROPE","UK",3852
2025,3,"EUROPE","UK",7164
2023,1,"EUROPE","SPAIN",357
2023,2,"EUROPE","SPAIN",671
2023,3,"EUROPE","SPAIN",1046
2023,4,"EUROPE","SPAIN",318
2023,5,"EUROPE","SPAIN",1160
2023,6,"EUROPE","SPAIN",1752
2023,7,"EUROPE","SPAIN",743
2023,8,"EUROPE","SPAIN",1456
2023,9,"EUROPE","SPAIN",727
2023,10,"EUROPE","SPAIN",754
2023,11,"EUROPE","SPAIN",2470
2023,12,"EUROPE","SPAIN",1788
2024,1,"EUROPE","SPAIN",1094
2024,2,"EUROPE","SPAIN",1020
2024,3,"EUROPE","SPAIN",1487
2024,4,"EUROPE","SPAIN",893
2024,5,"EUROPE","SPAIN",1112
2024,6,"EUROPE","SPAIN",1638
2024,7,"EUROPE","SPAIN",551
2024,8,"EUROPE","SPAIN",549
2024,9,"EUROPE","SPAIN",2894
2024,10,"EUROPE","SPAIN",566
2024,11,"EUROPE","SPAIN",1669
2024,12,"EUROPE","SPAIN",3217
2025,1,"EUROPE","SPAIN",268
2025,2,"EUROPE","SPAIN",918
2025,3,"EUROPE","SPAIN",1983
2023,1,"EUROPE","BELGIUM",609
2023,2,"EUROPE","BELGIUM",812
2023,3,"EUROPE","BELGIUM",3045
2023,4,"EUROPE","BELGIUM",868
2023,5,"EUROPE","BELGIUM",995
2023,6,"EUROPE","BELGIUM",1868
2023,7,"EUROPE","BELGIUM",1235
2023,8,"EUROPE","BELGIUM",1505
2023,9,"EUROPE","BELGIUM",1128
2023,10,"EUROPE","BELGIUM",1104
2023,11,"EUROPE","BELGIUM",1460
2023,12,"EUROPE","BELGIUM",1383
2024,1,"EUROPE","BELGIUM",1826
2024,2,"EUROPE","BELGIUM",2272
2024,3,"EUROPE","BELGIUM",3121
2024,4,"EUROPE","BELGIUM",1276
2024,5,"EUROPE","BELGIUM",1261
2024,6,"EUROPE","BELGIUM",2505
2024,7,"EUROPE","BELGIUM",1088
2024,8,"EUROPE","BELGIUM",1247
2024,9,"EUROPE","BELGIUM",2013
2024,10,"EUROPE","BELGIUM",1373
2024,11,"EUROPE","BELGIUM",1691
2024,12,"EUROPE","BELGIUM",1509
2025,1,"EUROPE","BELGIUM",1008
2025,2,"EUROPE","BELGIUM",1053
2025,3,"EUROPE","BELGIUM",958
2023,1,"EUROPE","GREECE",43
2023,2,"EUROPE","GREECE",98
2023,3,"EUROPE","GREECE",336
2023,4,"EUROPE","GREECE",53
2023,5,"EUROPE","GREECE",242
2023,6,"EUROPE","GREECE",105
2023,7,"EUROPE","GREECE",32
2023,8,"EUROPE","GREECE",131
2023,9,"EUROPE","GREECE",333
2023,10,"EUROPE","GREECE",127
2023,11,"EUROPE","GREECE",98
2023,12,"EUROPE","GREECE",243
2024,1,"EUROPE","GREECE",57
2024,2,"EUROPE","GREECE",262
2024,3,"EUROPE","GREECE",184
2024,4,"EUROPE","GREECE",175
2024,5,"EUROPE","GREECE",97
2024,6,"EUROPE","GREECE",236
2024,7,"EUROPE","GREECE",132
2024,8,"EUROPE","GREECE",112
2024,9,"EUROPE","GREECE",294
2024,10,"EUROPE","GREECE",98
2024,11,"EUROPE","GREECE",155
2024,12,"EUROPE","GREECE",185
2025,1,"EUROPE","GREECE",64
2025,2,"EUROPE","GREECE",40
2025,3,"EUROPE","GREECE",215
2023,1,"EUROPE","LUXEMBOURG",94
2023,2,"EUROPE","LUXEMBOURG",96
2023,3,"EUROPE","LUXEMBOURG",233
2023,4,"EUROPE","LUXEMBOURG",115
2023,5,"EUROPE","LUXEMBOURG",89
2023,6,"EUROPE","LUXEMBOURG",147
2023,7,"EUROPE","LUXEMBOURG",150
2023,8,"EUROPE","LUXEMBOURG",146
2023,9,"EUROPE","LUXEMBOURG",182
2023,10,"EUROPE","LUXEMBOURG",171
2023,11,"EUROPE","LUXEMBOURG",105
2023,12,"EUROPE","LUXEMBOURG",197
2024,1,"EUROPE","LUXEMBOURG",122
2024,2,"EUROPE","LUXEMBOURG",127
2024,3,"EUROPE","LUXEMBOURG",273
2024,4,"EUROPE","LUXEMBOURG",132
2024,5,"EUROPE","LUXEMBOURG",89
2024,6,"EUROPE","LUXEMBOURG",253
2024,7,"EUROPE","LUXEMBOURG",79
2024,8,"EUROPE","LUXEMBOURG",103
2024,9,"EUROPE","LUXEMBOURG",134
2024,10,"EUROPE","LUXEMBOURG",154
2024,11,"EUROPE","LUXEMBOURG",92
2024,12,"EUROPE","LUXEMBOURG",119
2025,1,"EUROPE","LUXEMBOURG",68
2025,2,"EUROPE","LUXEMBOURG",73
2025,3,"EUROPE","LUXEMBOURG",108
2023,1,"EUROPE","ROMANIA",88
2023,2,"EUROPE","ROMANIA",52
2023,3,"EUROPE","ROMANIA",134
2023,4,"EUROPE","ROMANIA",260
2023,5,"EUROPE","ROMANIA",248
2023,6,"EUROPE","ROMANIA",323
2023,7,"EUROPE","ROMANIA",634
2023,8,"EUROPE","ROMANIA",509
2023,9,"EUROPE","ROMANIA",239
2023,10,"EUROPE","ROMANIA",218
2023,11,"EUROPE","ROMANIA",198
2023,12,"EUROPE","ROMANIA",251
2024,1,"EUROPE","ROMANIA",564
2024,2,"EUROPE","ROMANIA",295
2024,3,"EUROPE","ROMANIA",161
2024,4,"EUROPE","ROMANIA",205
2024,5,"EUROPE","ROMANIA",140
2024,6,"EUROPE","ROMANIA",108
2024,7,"EUROPE","ROMANIA",222
2024,8,"EUROPE","ROMANIA",218
2024,9,"EUROPE","ROMANIA",186
2024,10,"EUROPE","ROMANIA",164
2024,11,"EUROPE","ROMANIA",86
2024,12,"EUROPE","ROMANIA",201
2025,1,"EUROPE","ROMANIA",125
2025,2,"EUROPE","ROMANIA",56
2025,3,"EUROPE","ROMANIA",39
2023,1,"CHINA","CHINA",26843
2023,2,"CHINA","CHINA",33923
2023,3,"CHINA","CHINA",76663
2023,4,"CHINA","CHINA",39956
2023,5,"CHINA","CHINA",42508
2023,6,"CHINA","CHINA",74212
2023,7,"CHINA","CHINA",31423
2023,8,"CHINA","CHINA",64694
2023,9,"CHINA","CHINA",43507
2023,10,"CHINA","CHINA",28626
2023,11,"CHINA","CHINA",65504
2023,12,"CHINA","CHINA",75805
2024,1,"CHINA","CHINA",39881
2024,2,"CHINA","CHINA",30141
2024,3,"CHINA","CHINA",62398
2024,4,"CHINA","CHINA",31421
2024,5,"CHINA","CHINA",55215
2024,6,"CHINA","CHINA",59261
2024,7,"CHINA","CHINA",46227
2024,8,"CHINA","CHINA",63456
2024,9,"CHINA","CHINA",72200
2024,10,"CHINA","CHINA",40485
2024,11,"CHINA","CHINA",73490
2024,12,"CHINA","CHINA",82927
2025,1,"CHINA","CHINA",33703
2025,2,"CHINA","CHINA",26777
2025,3,"CHINA","CHINA",74127
2023,5,"ROW","TURKEY",200
2023,6,"ROW","TURKEY",800
2023,7,"ROW","TURKEY",1500
2023,8,"ROW","TURKEY",3000
2023,9,"ROW","TURKEY",4700
2023,10,"ROW","TURKEY",500
2023,11,"ROW","TURKEY",900
2023,12,"ROW","TURKEY",550
2024,1,"ROW","TURKEY",220
2024,2,"ROW","TURKEY",75
2024,3,"ROW","TURKEY",80
2024,4,"ROW","TURKEY",27
2024,5,"ROW","TURKEY",10
2024,6,"ROW","TURKEY",2670
2024,7,"ROW","TURKEY",420
2024,8,"ROW","TURKEY",1050
2024,9,"ROW","TURKEY",2475
2024,10,"ROW","TURKEY",340
2024,11,"ROW","TURKEY",1860
2024,12,"ROW","TURKEY",2307
2025,2,"ROW","TURKEY",3310
2025,3,"ROW","TURKEY",100
2023,1,"ROW","JAPAN",26
2023,2,"ROW","JAPAN",792
2023,3,"ROW","JAPAN",572
2023,4,"ROW","JAPAN",310
2023,5,"ROW","JAPAN",213
2023,6,"ROW","JAPAN",711
2023,7,"ROW","JAPAN",125
2023,8,"ROW","JAPAN",502
2023,9,"ROW","JAPAN",602
2023,10,"ROW","JAPAN",330
2023,11,"ROW","JAPAN",336
2023,12,"ROW","JAPAN",972
2024,1,"ROW","JAPAN",305
2024,2,"ROW","JAPAN",381
2024,3,"ROW","JAPAN",654
2024,4,"ROW","JAPAN",179
2024,5,"ROW","JAPAN",450
2024,6,"ROW","JAPAN",759
2024,7,"ROW","JAPAN",317
2024,8,"ROW","JAPAN",462
2024,9,"ROW","JAPAN",528
2024,10,"ROW","JAPAN",340
2024,11,"ROW","JAPAN",521
2024,12,"ROW","JAPAN",757
2025,1,"ROW","JAPAN",320
2025,2,"ROW","JAPAN",546
2025,3,"ROW","JAPAN",1243
2023,1,"ROW","ISRAEL",3
2023,2,"ROW","ISRAEL",0
2023,3,"ROW","ISRAEL",1366
2023,4,"ROW","ISRAEL",72
2023,5,"ROW","ISRAEL",422
2023,6,"ROW","ISRAEL",1435
2023,7,"ROW","ISRAEL",3
2023,8,"ROW","ISRAEL",1647
2023,9,"ROW","ISRAEL",515
2023,10,"ROW","ISRAEL",121
2023,11,"ROW","ISRAEL",750
2023,12,"ROW","ISRAEL",433
2024,1,"ROW","ISRAEL",7
2024,2,"ROW","ISRAEL",349
2024,3,"ROW","ISRAEL",1418
2024,4,"ROW","ISRAEL",1
2024,5,"ROW","ISRAEL",407
2024,6,"ROW","ISRAEL",841
2024,7,"ROW","ISRAEL",188
2024,8,"ROW","ISRAEL",1338
2024,9,"ROW","ISRAEL",699
2024,10,"ROW","ISRAEL",650
2024,11,"ROW","ISRAEL",363
2024,12,"ROW","ISRAEL",1941
2025,1,"ROW","ISRAEL",11
2025,2,"ROW","ISRAEL",6
2025,3,"ROW","ISRAEL",442
2023,1,"ROW","NEW_ZEALAND",189
2023,2,"ROW","NEW_ZEALAND",168
2023,3,"ROW","NEW_ZEALAND",875
2023,4,"ROW","NEW_ZEALAND",197
2023,5,"ROW","NEW_ZEALAND",173
2023,6,"ROW","NEW_ZEALAND",961
2023,7,"ROW","NEW_ZEALAND",202
2023,8,"ROW","NEW_ZEALAND",104
2023,9,"ROW","NEW_ZEALAND",759
2023,10,"ROW","NEW_ZEALAND",143
2023,11,"ROW","NEW_ZEALAND",566
2023,12,"ROW","NEW_ZEALAND",558
2024,1,"ROW","NEW_ZEALAND",27
2024,2,"ROW","NEW_ZEALAND",152
2024,3,"ROW","NEW_ZEALAND",199
2024,4,"ROW","NEW_ZEALAND",67
2024,5,"ROW","NEW_ZEALAND",76
2024,6,"ROW","NEW_ZEALAND",107
2024,7,"ROW","NEW_ZEALAND",98
2024,8,"ROW","NEW_ZEALAND",133
2024,9,"ROW","NEW_ZEALAND",100
2024,10,"ROW","NEW_ZEALAND",57
2024,11,"ROW","NEW_ZEALAND",21
2024,12,"ROW","NEW_ZEALAND",250
2025,1,"ROW","NEW_ZEALAND",34
2025,2,"ROW","NEW_ZEALAND",85
2025,3,"ROW","NEW_ZEALAND",145
2024,4,"ROW","CHILE",57
2024,5,"ROW","CHILE",91
2024,6,"ROW","CHILE",95
2024,7,"ROW","CHILE",40
2024,8,"ROW","CHILE",47
2024,9,"ROW","CHILE",158
2024,10,"ROW","CHILE",64
2023,1,"ROW","AUSTRALIA",3313
2023,2,"ROW","AUSTRALIA",3516
2023,3,"ROW","AUSTRALIA",3578
2023,4,"ROW","AUSTRALIA",3676
2023,5,"ROW","AUSTRALIA",4476
2023,6,"ROW","AUSTRALIA",7018
2023,7,"ROW","AUSTRALIA",3934
2023,8,"ROW","AUSTRALIA",3309
2023,9,"ROW","AUSTRALIA",5177
2023,10,"ROW","AUSTRALIA",1988
2023,11,"ROW","AUSTRALIA",3939
2023,12,"ROW","AUSTRALIA",2192
2024,1,"ROW","AUSTRALIA",1107
2024,2,"ROW","AUSTRALIA",5665
2024,3,"ROW","AUSTRALIA",6017
2024,4,"ROW","AUSTRALIA",2077
2024,5,"ROW","AUSTRALIA",3567
2024,6,"ROW","AUSTRALIA",4683
2024,7,"ROW","AUSTRALIA",2592
2024,8,"ROW","AUSTRALIA",2393
2024,9,"ROW","AUSTRALIA",2649
2024,10,"ROW","AUSTRALIA",1464
2024,11,"ROW","AUSTRALIA",2540
2023,1,"ROW","HONG_KONG",316
2023,2,"ROW","HONG_KONG",1421
2023,3,"ROW","HONG_KONG",1051
2023,4,"ROW","HONG_KONG",634
2023,5,"ROW","HONG_KONG",785
2023,6,"ROW","HONG_KONG",678
2023,7,"ROW","HONG_KONG",647
2023,8,"ROW","HONG_KONG",883
2023,9,"ROW","HONG_KONG",743
2023,10,"ROW","HONG_KONG",715
2023,11,"ROW","HONG_KONG",673
2023,12,"ROW","HONG_KONG",1093
2024,1,"ROW","HONG_KONG",953
2024,2,"ROW","HONG_KONG",1520
2024,3,"ROW","HONG_KONG",862
2024,4,"ROW","HONG_KONG",523
2024,5,"ROW","HONG_KONG",616
2024,6,"ROW","HONG_KONG",609
2024,7,"ROW","HONG_KONG",642
2024,8,"ROW","HONG_KONG",914
2024,9,"ROW","HONG_KONG",687
2024,10,"ROW","HONG_KONG",875
2024,11,"ROW","HONG_KONG",645
2024,12,"ROW","HONG_KONG",710
2025,1,"ROW","HONG_KONG",202
2025,2,"ROW","HONG_KONG",753
2023,6,"ROW","SOUTH_KOREA",1891
2023,7,"ROW","SOUTH_KOREA",118
2023,8,"ROW","SOUTH_KOREA",696
2023,9,"ROW","SOUTH_KOREA",4501
2023,10,"ROW","SOUTH_KOREA",2829
2023,11,"ROW","SOUTH_KOREA",3563
2024,1,"ROW","SOUTH_KOREA",1
2024,2,"ROW","SOUTH_KOREA",174
2024,3,"ROW","SOUTH_KOREA",6025
2024,4,"ROW","SOUTH_KOREA",1722
2024,5,"ROW","SOUTH_KOREA",4165
2024,6,"ROW","SOUTH_KOREA",5293
2024,7,"ROW","SOUTH_KOREA",2680
2024,8,"ROW","SOUTH_KOREA",2208
2024,9,"ROW","SOUTH_KOREA",1349
2024,10,"ROW","SOUTH_KOREA",1263
2024,11,"ROW","SOUTH_KOREA",3618
2024,12,"ROW","SOUTH_KOREA",1252
2025,1,"ROW","SOUTH_KOREA",5
2025,2,"ROW","SOUTH_KOREA",2222
2025,3,"ROW","SOUTH_KOREA",2591
2023,1,"ROW","THAILAND",32
2023,2,"ROW","THAILAND",709
2023,3,"ROW","THAILAND",1523
2023,4,"ROW","THAILAND",534
2023,5,"ROW","THAILAND",1072
2023,6,"ROW","THAILAND",1225
2023,7,"ROW","THAILAND",272
2023,8,"ROW","THAILAND",855
2023,9,"ROW","THAILAND",375
2023,10,"ROW","THAILAND",289
2023,11,"ROW","THAILAND",292
2023,12,"ROW","THAILAND",1028
2024,1,"ROW","THAILAND",52
2024,2,"ROW","THAILAND",670
2024,3,"ROW","THAILAND",566
2024,4,"ROW","THAILAND",224
2024,5,"ROW","THAILAND",385
2024,6,"ROW","THAILAND",555
2024,7,"ROW","THAILAND",86
2024,8,"ROW","THAILAND",451
2024,9,"ROW","THAILAND",426
2024,10,"ROW","THAILAND",109
2024,11,"ROW","THAILAND",250
2024,12,"ROW","THAILAND",347
2023,1,"ROW","SINGAPORE",30
2023,2,"ROW","SINGAPORE",63
2023,3,"ROW","SINGAPORE",72
2023,4,"ROW","SINGAPORE",28
2023,5,"ROW","SINGAPORE",90
2023,6,"ROW","SINGAPORE",117
2023,7,"ROW","SINGAPORE",51
2023,8,"ROW","SINGAPORE",134
2023,9,"ROW","SINGAPORE",54
2023,10,"ROW","SINGAPORE",58
2023,11,"ROW","SINGAPORE",28
2023,12,"ROW","SINGAPORE",216
2024,1,"ROW","SINGAPORE",104
2024,2,"ROW","SINGAPORE",33
2024,3,"ROW","SINGAPORE",211
2024,4,"ROW","SINGAPORE",105
2024,5,"ROW","SINGAPORE",208
2024,6,"ROW","SINGAPORE",308
2024,7,"ROW","SINGAPORE",174
2024,8,"ROW","SINGAPORE",308
2024,9,"ROW","SINGAPORE",354
2024,10,"ROW","SINGAPORE",61
2024,11,"ROW","SINGAPORE",224
2024,12,"ROW","SINGAPORE",294
2025,2,"ROW","SINGAPORE",262
2025,3,"ROW","SINGAPORE",151
2023,1,"ROW","MALAYSIA",35
2023,2,"ROW","MALAYSIA",15
2023,3,"ROW","MALAYSIA",33
2023,4,"ROW","MALAYSIA",23
2023,5,"ROW","MALAYSIA",35
2023,6,"ROW","MALAYSIA",33
2023,7,"ROW","MALAYSIA",41
2023,8,"ROW","MALAYSIA",78
2023,9,"ROW","MALAYSIA",36
2023,10,"ROW","MALAYSIA",20
2023,11,"ROW","MALAYSIA",212
2023,12,"ROW","MALAYSIA",1312
2024,1,"ROW","MALAYSIA",375
2024,2,"ROW","MALAYSIA",259
2024,3,"ROW","MALAYSIA",1009
2024,4,"ROW","MALAYSIA",363
2024,5,"ROW","MALAYSIA",636
2024,6,"ROW","MALAYSIA",437
2024,7,"ROW","MALAYSIA",320
2024,8,"ROW","MALAYSIA",438
2024,9,"ROW","MALAYSIA",450
2024,10,"ROW","MALAYSIA",265
2024,11,"ROW","MALAYSIA",273
2025,1,"ROW","MALAYSIA",13
2025,2,"ROW","MALAYSIA",443
2025,3,"ROW","MALAYSIA",171