"year","month","brand","registrations","market_share"
2023,1,"BMW",4149,10.41
2023,1,"MERCEDES",3584,8.99
2023,1,"VOLKSWAGEN",3274,8.22
2023,1,"PEUGEOT",3090,7.75
2023,1,"TOYOTA",2655,6.66
2023,1,"AUDI",2632,6.61
2023,1,"VOLVO",1937,4.86
2023,1,"RENAULT",1718,4.31
2023,1,"SKODA",1553,3.9
2023,1,"FORD",1481,3.72
2023,1,"KIA",1442,3.62
2023,1,"DACIA",1387,3.48
2023,1,"OPEL",1315,3.3
2023,1,"HYUNDAI",1200,3.01
2023,1,"CITROEN",1030,2.58
2023,1,"NISSAN",815,2.05
2023,1,"SEAT",683,1.71
2023,1,"FIAT",674,1.69
2023,1,"MINI",641,1.61
2023,1,"TESLA",609,1.53
2023,1,"PORSCHE",599,1.5
2023,1,"MAZDA",568,1.43
2023,1,"LAND_ROVER",531,1.33
2023,1,"JEEP",314,0.79
2023,1,"SUZUKI",303,0.76
2023,1,"LYNK_&_CO",261,0.66
2023,1,"DS",164,0.41
2023,1,"MG",162,0.41
2023,1,"CUPRA",157,0.39
2023,1,"POLESTAR",138,0.35
2023,1,"ALFA_ROMEO",135,0.34
2023,1,"HONDA",135,0.34
2023,1,"SSANGYONG",111,0.28
2023,1,"LEXUS",88,0.22
2023,1,"SUBARU",71,0.18
2023,1,"JAGUAR",68,0.17
2023,1,"BENTLEY",26,0.07
2023,1,"BYD",25,0.06
2023,1,"MASERATI",20,0.05
2023,1,"DFSK",17,0.04
2023,1,"ALPINE",16,0.04
2023,1,"FERRARI",12,0.03
2023,1,"AIWAYS",9,0.02
2023,1,"SMART",9,0.02
2023,1,"ASTON_MARTIN",6,0.02
2023,1,"BAIC",5,0.01
2023,1,"LAMBORGHINI",5,0.01
2023,1,"TRIPOD",5,0.01
2023,1,"CHEVROLET",4,0.01
2023,1,"ALLIED_VEHICLES_LTD",3,0.01
2023,1,"AMF",2,0.01
2023,1,"API",2,0.01
2023,1,"FAW",2,0.01
2023,1,"MAN",2,0.01
2023,1,"LOTUS",1,0
2023,1,"MAXUS",1,0
2023,1,"MORGAN",1,0
2023,2,"VOLKSWAGEN",3673,9.21
2023,2,"BMW",3650,9.15
2023,2,"PEUGEOT",2938,7.37
2023,2,"AUDI",2797,7.01
2023,2,"MERCEDES",2694,6.75
2023,2,"TOYOTA",2296,5.76
2023,2,"RENAULT",2015,5.05
2023,2,"VOLVO",1946,4.88
2023,2,"SKODA",1760,4.41
2023,2,"OPEL",1708,4.28
2023,2,"DACIA",1621,4.06
2023,2,"CITROEN",1582,3.97
2023,2,"FORD",1563,3.92
2023,2,"KIA",1464,3.67
2023,2,"HYUNDAI",1096,2.75
2023,2,"NISSAN",889,2.23
2023,2,"SEAT",849,2.13
2023,2,"TESLA",812,2.04
2023,2,"LAND_ROVER",548,1.37
2023,2,"MINI",522,1.31
2023,2,"MAZDA",464,1.16
2023,2,"FIAT",429,1.08
2023,2,"SUZUKI",407,1.02
2023,2,"CUPRA",333,0.83
2023,2,"PORSCHE",326,0.82
2023,2,"JEEP",212,0.53
2023,2,"DS",201,0.5
2023,2,"LYNK_&_CO",191,0.48
2023,2,"ALFA_ROMEO",124,0.31
2023,2,"MG",118,0.3
2023,2,"SSANGYONG",114,0.29
2023,2,"HONDA",96,0.24
2023,2,"POLESTAR",88,0.22
2023,2,"JAGUAR",87,0.22
2023,2,"LEXUS",84,0.21
2023,2,"SUBARU",46,0.12
2023,2,"BYD",45,0.11
2023,2,"DFSK",14,0.04
2023,2,"FERRARI",13,0.03
2023,2,"ALPINE",11,0.03
2023,2,"SMART",9,0.02
2023,2,"BENTLEY",8,0.02
2023,2,"LAMBORGHINI",6,0.02
2023,2,"LOTUS",5,0.01
2023,2,"BAIC",4,0.01
2023,2,"MASERATI",4,0.01
2023,2,"ALLIED_VEHICLES_LTD",3,0.01
2023,2,"API",3,0.01
2023,2,"ASTON_MARTIN",3,0.01
2023,2,"TRIPOD",3,0.01
2023,2,"ALPINA",2,0.01
2023,2,"CHEVROLET",2,0.01
2023,2,"AIWAYS",1,0
2023,2,"JAC",1,0
2023,2,"MORGAN",1,0
2023,2,"ROLLS-ROYCE",1,0
2023,2,"SWM",1,0
2023,3,"BMW",5362,10.36
2023,3,"VOLKSWAGEN",4094,7.91
2023,3,"PEUGEOT",4047,7.82
2023,3,"MERCEDES",3433,6.63
2023,3,"AUDI",3209,6.2
2023,3,"RENAULT",3131,6.05
2023,3,"TESLA",3045,5.88
2023,3,"DACIA",2483,4.8
2023,3,"VOLVO",2281,4.41
2023,3,"OPEL",2197,4.25
2023,3,"TOYOTA",2132,4.12
2023,3,"FORD",1823,3.52
2023,3,"SKODA",1705,3.29
2023,3,"CITROEN",1655,3.2
2023,3,"KIA",1547,2.99
2023,3,"NISSAN",1318,2.55
2023,3,"HYUNDAI",1160,2.24
2023,3,"MINI",955,1.85
2023,3,"SEAT",910,1.76
2023,3,"MG",676,1.31
2023,3,"LAND_ROVER",647,1.25
2023,3,"MAZDA",590,1.14
2023,3,"FIAT",573,1.11
2023,3,"SUZUKI",456,0.88
2023,3,"CUPRA",432,0.83
2023,3,"PORSCHE",340,0.66
2023,3,"DS",274,0.53
2023,3,"JEEP",251,0.48
2023,3,"SSANGYONG",158,0.31
2023,3,"ALFA_ROMEO",143,0.28
2023,3,"LYNK_&_CO",116,0.22
2023,3,"POLESTAR",115,0.22
2023,3,"HONDA",106,0.2
2023,3,"JAGUAR",104,0.2
2023,3,"LEXUS",60,0.12
2023,3,"BYD",47,0.09
2023,3,"SUBARU",32,0.06
2023,3,"FERRARI",21,0.04
2023,3,"MASERATI",19,0.04
2023,3,"DFSK",16,0.03
2023,3,"LOTUS",12,0.02
2023,3,"ALLIED_VEHICLES_LTD",10,0.02
2023,3,"ALPINE",9,0.02
2023,3,"BENTLEY",8,0.02
2023,3,"LAMBORGHINI",8,0.02
2023,3,"TRIPOD",6,0.01
2023,3,"AIWAYS",5,0.01
2023,3,"ALPINA",5,0.01
2023,3,"BAIC",5,0.01
2023,3,"ASTON_MARTIN",4,0.01
2023,3,"SMART",4,0.01
2023,3,"API",3,0.01
2023,3,"AMF",2,0
2023,3,"CHEVROLET",1,0
2023,3,"DIETRICH_VEHICULES",1,0
2023,3,"FAW",1,0
2023,3,"INEOS",1,0
2023,3,"JAC",1,0
2023,3,"MAN",1,0
2023,3,"MCLAREN",1,0
2023,3,"NIO",1,0
2023,3,"ROLLS-ROYCE",1,0
2023,3,"SECMA",1,0
2023,4,"BMW",4259,10.68
2023,4,"VOLKSWAGEN",3640,9.13
2023,4,"AUDI",2992,7.5
2023,4,"MERCEDES",2900,7.27
2023,4,"PEUGEOT",2822,7.08
2023,4,"RENAULT",2419,6.07
2023,4,"DACIA",1990,4.99
2023,4,"TOYOTA",1800,4.51
2023,4,"VOLVO",1580,3.96
2023,4,"SKODA",1554,3.9
2023,4,"KIA",1526,3.83
2023,4,"FORD",1390,3.49
2023,4,"OPEL",1289,3.23
2023,4,"CITROEN",1216,3.05
2023,4,"MINI",983,2.47
2023,4,"NISSAN",895,2.24
2023,4,"TESLA",868,2.18
2023,4,"HYUNDAI",781,1.96
2023,4,"SEAT",614,1.54
2023,4,"MAZDA",581,1.46
2023,4,"LAND_ROVER",563,1.41
2023,4,"SUZUKI",462,1.16
2023,4,"FIAT",376,0.94
2023,4,"CUPRA",370,0.93
2023,4,"PORSCHE",310,0.78
2023,4,"DS",236,0.59
2023,4,"POLESTAR",224,0.56
2023,4,"MG",209,0.52
2023,4,"JEEP",205,0.51
2023,4,"ALFA_ROMEO",181,0.45
2023,4,"LYNK_&_CO",150,0.38
2023,4,"SSANGYONG",95,0.24
2023,4,"LEXUS",79,0.2
2023,4,"JAGUAR",69,0.17
2023,4,"BYD",43,0.11
2023,4,"HONDA",40,0.1
2023,4,"SUBARU",24,0.06
2023,4,"MASERATI",17,0.04
2023,4,"ALPINE",16,0.04
2023,4,"DFSK",16,0.04
2023,4,"FERRARI",11,0.03
2023,4,"TRIPOD",9,0.02
2023,4,"BENTLEY",8,0.02
2023,4,"LOTUS",8,0.02
2023,4,"SMART",8,0.02
2023,4,"ALLIED_VEHICLES_LTD",7,0.02
2023,4,"LAMBORGHINI",7,0.02
2023,4,"ASTON_MARTIN",6,0.02
2023,4,"BAIC",5,0.01
2023,4,"AIWAYS",4,0.01
2023,4,"INEOS",4,0.01
2023,4,"MCLAREN",3,0.01
2023,4,"SERES",3,0.01
2023,4,"ALPINA",2,0.01
2023,4,"MAN",2,0.01
2023,4,"SWM",1,0
2023,5,"BMW",4622,11.18
2023,5,"VOLKSWAGEN",4062,9.82
2023,5,"PEUGEOT",2809,6.79
2023,5,"MERCEDES",2756,6.66
2023,5,"AUDI",2634,6.37
2023,5,"TOYOTA",2279,5.51
2023,5,"RENAULT",2216,5.36
2023,5,"DACIA",2103,5.08
2023,5,"VOLVO",1881,4.55
2023,5,"KIA",1760,4.26
2023,5,"FORD",1629,3.94
2023,5,"OPEL",1417,3.43
2023,5,"CITROEN",1409,3.41
2023,5,"SKODA",1247,3.02
2023,5,"TESLA",995,2.41
2023,5,"MINI",810,1.96
2023,5,"HYUNDAI",694,1.68
2023,5,"FIAT",612,1.48
2023,5,"NISSAN",607,1.47
2023,5,"MAZDA",543,1.31
2023,5,"SEAT",531,1.28
2023,5,"CUPRA",494,1.19
2023,5,"SUZUKI",468,1.13
2023,5,"LAND_ROVER",453,1.1
2023,5,"PORSCHE",342,0.83
2023,5,"POLESTAR",304,0.74
2023,5,"DS",273,0.66
2023,5,"MG",232,0.56
2023,5,"JEEP",220,0.53
2023,5,"ALFA_ROMEO",205,0.5
2023,5,"LYNK_&_CO",159,0.38
2023,5,"LEXUS",109,0.26
2023,5,"SSANGYONG",100,0.24
2023,5,"JAGUAR",99,0.24
2023,5,"BYD",57,0.14
2023,5,"HONDA",54,0.13
2023,5,"SUBARU",36,0.09
2023,5,"ALPINE",28,0.07
2023,5,"MASERATI",16,0.04
2023,5,"DFSK",12,0.03
2023,5,"FERRARI",9,0.02
2023,5,"BENTLEY",8,0.02
2023,5,"INEOS",7,0.02
2023,5,"AIWAYS",6,0.01
2023,5,"ALLIED_VEHICLES_LTD",6,0.01
2023,5,"ASTON_MARTIN",6,0.01
2023,5,"BAIC",6,0.01
2023,5,"LAMBORGHINI",6,0.01
2023,5,"ROLLS-ROYCE",5,0.01
2023,5,"MAXUS",4,0.01
2023,5,"SMART",4,0.01
2023,5,"ALPINA",2,0
2023,5,"MCLAREN",2,0
2023,5,"TRIPOD",2,0
2023,5,"AMF",1,0
2023,5,"CATERHAM",1,0
2023,5,"CHEVROLET",1,0
2023,5,"DALLARA",1,0
2023,5,"LOTUS",1,0
2023,5,"MORGAN",1,0
2023,5,"NIO",1,0
2023,5,"SERES",1,0
2023,6,"VOLKSWAGEN",5302,10.24
2023,6,"BMW",5026,9.71
2023,6,"PEUGEOT",3403,6.57
2023,6,"RENAULT",3274,6.33
2023,6,"MERCEDES",3272,6.32
2023,6,"AUDI",3163,6.11
2023,6,"DACIA",2929,5.66
2023,6,"TOYOTA",2567,4.96
2023,6,"VOLVO",2170,4.19
2023,6,"KIA",2011,3.89
2023,6,"CITROEN",1960,3.79
2023,6,"TESLA",1868,3.61
2023,6,"FORD",1705,3.29
2023,6,"SKODA",1645,3.18
2023,6,"OPEL",1585,3.06
2023,6,"HYUNDAI",1135,2.19
2023,6,"NISSAN",1105,2.13
2023,6,"FIAT",916,1.77
2023,6,"MG",879,1.7
2023,6,"MAZDA",794,1.53
2023,6,"MINI",768,1.48
2023,6,"CUPRA",571,1.1
2023,6,"LAND_ROVER",524,1.01
2023,6,"SEAT",475,0.92
2023,6,"SUZUKI",428,0.83
2023,6,"DS",384,0.74
2023,6,"PORSCHE",382,0.74
2023,6,"JEEP",288,0.56
2023,6,"ALFA_ROMEO",240,0.46
2023,6,"POLESTAR",203,0.39
2023,6,"LYNK_&_CO",140,0.27
2023,6,"LEXUS",136,0.26
2023,6,"SSANGYONG",118,0.23
2023,6,"JAGUAR",114,0.22
2023,6,"HONDA",78,0.15
2023,6,"BYD",34,0.07
2023,6,"MASERATI",22,0.04
2023,6,"SUBARU",22,0.04
2023,6,"ALPINE",16,0.03
2023,6,"FERRARI",16,0.03
2023,6,"DFSK",15,0.03
2023,6,"BENTLEY",11,0.02
2023,6,"TRIPOD",10,0.02
2023,6,"ALLIED_VEHICLES_LTD",7,0.01
2023,6,"LAMBORGHINI",7,0.01
2023,6,"ASTON_MARTIN",6,0.01
2023,6,"BAIC",6,0.01
2023,6,"INEOS",3,0.01
2023,6,"LOTUS",3,0.01
2023,6,"NIO",3,0.01
2023,6,"SERES",3,0.01
2023,6,"SMART",3,0.01
2023,6,"AIWAYS",2,0
2023,6,"CHEVROLET",2,0
2023,6,"MAXUS",2,0
2023,6,"MORGAN",2,0
2023,6,"SWM",2,0
2023,6,"BUSCONCEPT",1,0
2023,6,"DALLARA",1,0
2023,6,"LUCID",1,0
2023,6,"MCLAREN",1,0
2023,6,"ROLLS-ROYCE",1,0
2023,7,"BMW",3722,10.74
2023,7,"VOLKSWAGEN",3490,10.07
2023,7,"AUDI",2690,7.76
2023,7,"MERCEDES",2568,7.41
2023,7,"RENAULT",2009,5.79
2023,7,"VOLVO",1745,5.03
2023,7,"KIA",1652,4.77
2023,7,"TOYOTA",1606,4.63
2023,7,"PEUGEOT",1516,4.37
2023,7,"SKODA",1498,4.32
2023,7,"DACIA",1448,4.18
2023,7,"FORD",1388,4
2023,7,"TESLA",1235,3.56
2023,7,"CITROEN",1043,3.01
2023,7,"OPEL",823,2.37
2023,7,"NISSAN",768,2.22
2023,7,"HYUNDAI",755,2.18
2023,7,"MAZDA",577,1.66
2023,7,"MINI",517,1.49
2023,7,"LAND_ROVER",499,1.44
2023,7,"FIAT",324,0.93
2023,7,"SEAT",315,0.91
2023,7,"PORSCHE",286,0.82
2023,7,"MG",275,0.79
2023,7,"DS",260,0.75
2023,7,"SUZUKI",252,0.73
2023,7,"CUPRA",230,0.66
2023,7,"JEEP",195,0.56
2023,7,"POLESTAR",177,0.51
2023,7,"LYNK_&_CO",141,0.41
2023,7,"LEXUS",112,0.32
2023,7,"ALFA_ROMEO",105,0.3
2023,7,"HONDA",90,0.26
2023,7,"JAGUAR",90,0.26
2023,7,"SSANGYONG",64,0.18
2023,7,"BYD",62,0.18
2023,7,"ALPINE",21,0.06
2023,7,"SUBARU",19,0.05
2023,7,"BAIC",13,0.04
2023,7,"DFSK",11,0.03
2023,7,"LAMBORGHINI",10,0.03
2023,7,"BENTLEY",8,0.02
2023,7,"FERRARI",8,0.02
2023,7,"ASTON_MARTIN",7,0.02
2023,7,"MASERATI",7,0.02
2023,7,"TRIPOD",7,0.02
2023,7,"AIWAYS",6,0.02
2023,7,"LOTUS",5,0.01
2023,7,"MITSUBISHI",4,0.01
2023,7,"ALLIED_VEHICLES_LTD",2,0.01
2023,7,"API",2,0.01
2023,7,"INEOS",2,0.01
2023,7,"SMART",2,0.01
2023,7,"ALPINA",1,0
2023,7,"CADILLAC",1,0
2023,7,"CHEVROLET",1,0
2023,7,"MAN",1,0
2023,7,"MAXUS",1,0
2023,7,"MCLAREN",1,0
2023,7,"MORGAN",1,0
2023,7,"NIO",1,0
2023,8,"VOLKSWAGEN",4281,11.63
2023,8,"BMW",4054,11.02
2023,8,"AUDI",3056,8.3
2023,8,"MERCEDES",2663,7.24
2023,8,"PEUGEOT",1805,4.91
2023,8,"KIA",1738,4.72
2023,8,"RENAULT",1677,4.56
2023,8,"TOYOTA",1655,4.5
2023,8,"SKODA",1541,4.19
2023,8,"TESLA",1505,4.09
2023,8,"FORD",1432,3.89
2023,8,"CITROEN",1362,3.7
2023,8,"VOLVO",1345,3.66
2023,8,"DACIA",1245,3.38
2023,8,"OPEL",816,2.22
2023,8,"HYUNDAI",754,2.05
2023,8,"MINI",659,1.79
2023,8,"LAND_ROVER",588,1.6
2023,8,"MAZDA",579,1.57
2023,8,"NISSAN",539,1.46
2023,8,"SEAT",500,1.36
2023,8,"FIAT",347,0.94
2023,8,"SUZUKI",335,0.91
2023,8,"CUPRA",328,0.89
2023,8,"MG",295,0.8
2023,8,"PORSCHE",245,0.67
2023,8,"JEEP",244,0.66
2023,8,"POLESTAR",227,0.62
2023,8,"DS",205,0.56
2023,8,"HONDA",123,0.33
2023,8,"ALFA_ROMEO",113,0.31
2023,8,"LEXUS",107,0.29
2023,8,"SSANGYONG",97,0.26
2023,8,"LYNK_&_CO",95,0.26
2023,8,"JAGUAR",84,0.23
2023,8,"BYD",40,0.11
2023,8,"SUBARU",24,0.07
2023,8,"LOTUS",14,0.04
2023,8,"MASERATI",11,0.03
2023,8,"ALLIED_VEHICLES_LTD",10,0.03
2023,8,"ALPINE",10,0.03
2023,8,"DFSK",8,0.02
2023,8,"FERRARI",8,0.02
2023,8,"BENTLEY",6,0.02
2023,8,"BAIC",3,0.01
2023,8,"LAMBORGHINI",3,0.01
2023,8,"SWM",3,0.01
2023,8,"TRIPOD",3,0.01
2023,8,"ASTON_MARTIN",2,0.01
2023,8,"INEOS",2,0.01
2023,8,"MAXUS",2,0.01
2023,8,"MCLAREN",2,0.01
2023,8,"MORGAN",2,0.01
2023,8,"SMART",2,0.01
2023,8,"ALPINA",1,0
2023,8,"BUGATTI",1,0
2023,8,"ROLLS-ROYCE",1,0
2023,8,"SECMA",1,0
2023,9,"VOLKSWAGEN",4026,10.35
2023,9,"BMW",3737,9.61
2023,9,"MERCEDES",3635,9.34
2023,9,"AUDI",2812,7.23
2023,9,"CITROEN",1979,5.09
2023,9,"PEUGEOT",1976,5.08
2023,9,"SKODA",1709,4.39
2023,9,"KIA",1701,4.37
2023,9,"TOYOTA",1605,4.13
2023,9,"RENAULT",1576,4.05
2023,9,"VOLVO",1436,3.69
2023,9,"FORD",1352,3.48
2023,9,"OPEL",1284,3.3
2023,9,"TESLA",1128,2.9
2023,9,"HYUNDAI",1090,2.8
2023,9,"DACIA",1078,2.77
2023,9,"FIAT",708,1.82
2023,9,"NISSAN",684,1.76
2023,9,"MAZDA",665,1.71
2023,9,"MINI",642,1.65
2023,9,"SEAT",495,1.27
2023,9,"CUPRA",449,1.15
2023,9,"SUZUKI",448,1.15
2023,9,"LAND_ROVER",426,1.09
2023,9,"JEEP",417,1.07
2023,9,"MG",398,1.02
2023,9,"PORSCHE",238,0.61
2023,9,"DS",228,0.59
2023,9,"HONDA",159,0.41
2023,9,"POLESTAR",154,0.4
2023,9,"ALFA_ROMEO",152,0.39
2023,9,"LEXUS",99,0.25
2023,9,"SSANGYONG",91,0.23
2023,9,"JAGUAR",70,0.18
2023,9,"BYD",46,0.12
2023,9,"LYNK_&_CO",40,0.1
2023,9,"SUBARU",32,0.08
2023,9,"LOTUS",28,0.07
2023,9,"SMART",19,0.05
2023,9,"ALPINE",15,0.04
2023,9,"MASERATI",12,0.03
2023,9,"DFSK",10,0.03
2023,9,"ALLIED_VEHICLES_LTD",7,0.02
2023,9,"BENTLEY",7,0.02
2023,9,"FERRARI",6,0.02
2023,9,"BAIC",5,0.01
2023,9,"TRIPOD",5,0.01
2023,9,"ASTON_MARTIN",3,0.01
2023,9,"MITSUBISHI",3,0.01
2023,9,"SWM",3,0.01
2023,9,"ALPINA",2,0.01
2023,9,"LAMBORGHINI",2,0.01
2023,9,"MAN",2,0.01
2023,9,"MAXUS",2,0.01
2023,9,"ROLLS-ROYCE",2,0.01
2023,9,"AIWAYS",1,0
2023,9,"B-STYLE&FLEX-I-TRANS",1,0
2023,9,"CATERHAM",1,0
2023,9,"CHERY",1,0
2023,9,"FORTHING",1,0
2023,9,"LUCID",1,0
2023,9,"MORGAN",1,0
2023,9,"NIO",1,0
2023,10,"BMW",4080,10.58
2023,10,"AUDI",3587,9.3
2023,10,"VOLKSWAGEN",3276,8.5
2023,10,"MERCEDES",3009,7.8
2023,10,"PEUGEOT",2144,5.56
2023,10,"RENAULT",1999,5.18
2023,10,"SKODA",1755,4.55
2023,10,"TOYOTA",1721,4.46
2023,10,"VOLVO",1663,4.31
2023,10,"DACIA",1551,4.02
2023,10,"KIA",1545,4.01
2023,10,"CITROEN",1322,3.43
2023,10,"FORD",1180,3.06
2023,10,"HYUNDAI",1161,3.01
2023,10,"TESLA",1104,2.86
2023,10,"OPEL",865,2.24
2023,10,"NISSAN",751,1.95
2023,10,"MAZDA",670,1.74
2023,10,"CUPRA",669,1.73
2023,10,"MINI",571,1.48
2023,10,"FIAT",485,1.26
2023,10,"SUZUKI",433,1.12
2023,10,"SEAT",419,1.09
2023,10,"PORSCHE",416,1.08
2023,10,"LAND_ROVER",339,0.88
2023,10,"MG",339,0.88
2023,10,"JEEP",291,0.75
2023,10,"POLESTAR",220,0.57
2023,10,"DS",168,0.44
2023,10,"HONDA",156,0.4
2023,10,"LEXUS",120,0.31
2023,10,"ALFA_ROMEO",119,0.31
2023,10,"SSANGYONG",93,0.24
2023,10,"LOTUS",66,0.17
2023,10,"BYD",64,0.17
2023,10,"JAGUAR",59,0.15
2023,10,"SUBARU",25,0.06
2023,10,"SMART",21,0.05
2023,10,"MITSUBISHI",17,0.04
2023,10,"FERRARI",13,0.03
2023,10,"ALPINE",12,0.03
2023,10,"ALLIED_VEHICLES_LTD",9,0.02
2023,10,"BENTLEY",7,0.02
2023,10,"MASERATI",7,0.02
2023,10,"LAMBORGHINI",6,0.02
2023,10,"TRIPOD",6,0.02
2023,10,"DFSK",5,0.01
2023,10,"ASTON_MARTIN",3,0.01
2023,10,"CHERY",3,0.01
2023,10,"FAW",3,0.01
2023,10,"LYNK_&_CO",3,0.01
2023,10,"BAIC",2,0.01
2023,10,"CHEVROLET",2,0.01
2023,10,"ALPINA",1,0
2023,10,"AMF",1,0
2023,10,"API",1,0
2023,10,"MORGAN",1,0
2023,10,"ROLLS-ROYCE",1,0
2023,10,"SWM",1,0
2023,11,"BMW",4428,11.79
2023,11,"AUDI",4016,10.69
2023,11,"VOLKSWAGEN",3832,10.2
2023,11,"MERCEDES",3209,8.55
2023,11,"VOLVO",1927,5.13
2023,11,"PEUGEOT",1885,5.02
2023,11,"TOYOTA",1877,5
2023,11,"DACIA",1796,4.78
2023,11,"SKODA",1548,4.12
2023,11,"TESLA",1460,3.89
2023,11,"RENAULT",1430,3.81
2023,11,"KIA",1329,3.54
2023,11,"HYUNDAI",1160,3.09
2023,11,"FORD",1154,3.07
2023,11,"MINI",654,1.74
2023,11,"CITROEN",541,1.44
2023,11,"OPEL",519,1.38
2023,11,"NISSAN",512,1.36
2023,11,"POLESTAR",510,1.36
2023,11,"SEAT",480,1.28
2023,11,"MAZDA",461,1.23
2023,11,"CUPRA",380,1.01
2023,11,"LAND_ROVER",356,0.95
2023,11,"MG",340,0.91
2023,11,"SUZUKI",313,0.83
2023,11,"HONDA",289,0.77
2023,11,"FIAT",196,0.52
2023,11,"PORSCHE",186,0.5
2023,11,"LEXUS",108,0.29
2023,11,"JEEP",101,0.27
2023,11,"DS",90,0.24
2023,11,"ALFA_ROMEO",84,0.22
2023,11,"JAGUAR",58,0.15
2023,11,"SSANGYONG",55,0.15
2023,11,"BYD",47,0.13
2023,11,"SUBARU",37,0.1
2023,11,"LYNK_&_CO",32,0.09
2023,11,"LOTUS",25,0.07
2023,11,"SMART",20,0.05
2023,11,"ALLIED_VEHICLES_LTD",12,0.03
2023,11,"ALPINE",11,0.03
2023,11,"BAIC",10,0.03
2023,11,"FORTHING",10,0.03
2023,11,"FERRARI",9,0.02
2023,11,"ASTON_MARTIN",7,0.02
2023,11,"DFSK",7,0.02
2023,11,"FISKER",7,0.02
2023,11,"MASERATI",7,0.02
2023,11,"TRIPOD",5,0.01
2023,11,"BENTLEY",4,0.01
2023,11,"MITSUBISHI",4,0.01
2023,11,"LAMBORGHINI",3,0.01
2023,11,"ROLLS-ROYCE",2,0.01
2023,11,"TREMONIA",2,0.01
2023,11,"CHERY",1,0
2023,11,"CHEVROLET",1,0
2023,11,"INEOS",1,0
2023,11,"LUCID",1,0
2023,11,"MORGAN",1,0
2023,11,"SECMA",1,0
2023,11,"SWM",1,0
2023,12,"BMW",3490,13.57
2023,12,"VOLKSWAGEN",2322,9.03
2023,12,"AUDI",1807,7.03
2023,12,"MERCEDES",1540,5.99
2023,12,"VOLVO",1418,5.51
2023,12,"TESLA",1383,5.38
2023,12,"DACIA",1376,5.35
2023,12,"TOYOTA",1341,5.21
2023,12,"RENAULT",1230,4.78
2023,12,"MG",1067,4.15
2023,12,"PEUGEOT",913,3.55
2023,12,"FORD",887,3.45
2023,12,"KIA",871,3.39
2023,12,"HYUNDAI",676,2.63
2023,12,"SKODA",585,2.27
2023,12,"OPEL",573,2.23
2023,12,"CITROEN",542,2.11
2023,12,"SEAT",464,1.8
2023,12,"NISSAN",441,1.71
2023,12,"MAZDA",398,1.55
2023,12,"MINI",391,1.52
2023,12,"CUPRA",327,1.27
2023,12,"LAND_ROVER",238,0.93
2023,12,"SUZUKI",230,0.89
2023,12,"POLESTAR",204,0.79
2023,12,"HONDA",152,0.59
2023,12,"FIAT",138,0.54
2023,12,"PORSCHE",126,0.49
2023,12,"SSANGYONG",100,0.39
2023,12,"JEEP",87,0.34
2023,12,"ALFA_ROMEO",54,0.21
2023,12,"BYD",49,0.19
2023,12,"LEXUS",49,0.19
2023,12,"LYNK_&_CO",44,0.17
2023,12,"DS",38,0.15
2023,12,"JAGUAR",35,0.14
2023,12,"SMART",30,0.12
2023,12,"LOTUS",17,0.07
2023,12,"SUBARU",15,0.06
2023,12,"BAIC",14,0.05
2023,12,"ALPINE",9,0.03
2023,12,"INEOS",6,0.02
2023,12,"TRIPOD",5,0.02
2023,12,"ALLIED_VEHICLES_LTD",4,0.02
2023,12,"FORTHING",4,0.02
2023,12,"MASERATI",4,0.02
2023,12,"MAXUS",4,0.02
2023,12,"DFSK",2,0.01
2023,12,"FERRARI",2,0.01
2023,12,"FISKER",2,0.01
2023,12,"MITSUBISHI",2,0.01
2023,12,"SWM",2,0.01
2023,12,"ASTON_MARTIN",1,0
2023,12,"CATERHAM",1,0
2023,12,"FAW",1,0
2023,12,"LAMBORGHINI",1,0
2023,12,"MCLAREN",1,0
2023,12,"NIO",1,0
2023,12,"XPENG",1,0
2024,1,"BMW",5438,11.65
2024,1,"AUDI",4577,9.81
2024,1,"MERCEDES",3882,8.32
2024,1,"VOLKSWAGEN",3414,7.32
2024,1,"VOLVO",3272,7.01
2024,1,"TOYOTA",2609,5.59
2024,1,"PEUGEOT",2467,5.29
2024,1,"DACIA",2321,4.97
2024,1,"SKODA",1971,4.22
2024,1,"RENAULT",1901,4.07
2024,1,"TESLA",1826,3.91
2024,1,"KIA",1803,3.86
2024,1,"FORD",1409,3.02
2024,1,"HYUNDAI",1135,2.43
2024,1,"NISSAN",1000,2.14
2024,1,"OPEL",870,1.86
2024,1,"LAND_ROVER",822,1.76
2024,1,"CITROEN",790,1.69
2024,1,"MAZDA",626,1.34
2024,1,"SUZUKI",602,1.29
2024,1,"SEAT",481,1.03
2024,1,"MINI",469,1
2024,1,"CUPRA",376,0.81
2024,1,"PORSCHE",372,0.8
2024,1,"FIAT",295,0.63
2024,1,"MG",283,0.61
2024,1,"HONDA",251,0.54
2024,1,"JEEP",231,0.49
2024,1,"ALFA_ROMEO",181,0.39
2024,1,"POLESTAR",139,0.3
2024,1,"BYD",131,0.28
2024,1,"SSANGYONG",130,0.28
2024,1,"LEXUS",129,0.28
2024,1,"JAGUAR",82,0.18
2024,1,"DS",69,0.15
2024,1,"LYNK_&_CO",57,0.12
2024,1,"SMART",56,0.12
2024,1,"SUBARU",19,0.04
2024,1,"ALPINE",18,0.04
2024,1,"LOTUS",18,0.04
2024,1,"BAIC",13,0.03
2024,1,"BENTLEY",13,0.03
2024,1,"FERRARI",13,0.03
2024,1,"TRIPOD",12,0.03
2024,1,"MASERATI",11,0.02
2024,1,"DFSK",10,0.02
2024,1,"ALLIED_VEHICLES_LTD",9,0.02
2024,1,"FORTHING",9,0.02
2024,1,"LAMBORGHINI",9,0.02
2024,1,"FISKER",7,0.01
2024,1,"AIWAYS",6,0.01
2024,1,"MITSUBISHI",6,0.01
2024,1,"ROLLS-ROYCE",5,0.01
2024,1,"MCLAREN",4,0.01
2024,1,"TREMONIA",4,0.01
2024,1,"ASTON_MARTIN",2,0
2024,1,"FAW",2,0
2024,1,"MAXUS",2,0
2024,1,"NIO",2,0
2024,1,"ALPINA",1,0
2024,1,"CHERY",1,0
2024,1,"CHEVROLET",1,0
2024,1,"MAN",1,0
2024,1,"RUF",1,0
2024,1,"SWM",1,0
2024,1,"XPENG",1,0
2024,2,"BMW",4366,9.99
2024,2,"VOLKSWAGEN",3661,8.37
2024,2,"AUDI",3155,7.22
2024,2,"MERCEDES",2860,6.54
2024,2,"TOYOTA",2728,6.24
2024,2,"DACIA",2352,5.38
2024,2,"VOLVO",2298,5.26
2024,2,"TESLA",2272,5.2
2024,2,"PEUGEOT",2196,5.02
2024,2,"RENAULT",2015,4.61
2024,2,"SKODA",1956,4.47
2024,2,"KIA",1877,4.29
2024,2,"CITROEN",1536,3.51
2024,2,"HYUNDAI",1365,3.12
2024,2,"FORD",1218,2.79
2024,2,"OPEL",1102,2.52
2024,2,"NISSAN",1078,2.47
2024,2,"MAZDA",706,1.61
2024,2,"SEAT",670,1.53
2024,2,"SUZUKI",647,1.48
2024,2,"LAND_ROVER",545,1.25
2024,2,"MINI",414,0.95
2024,2,"FIAT",345,0.79
2024,2,"PORSCHE",322,0.74
2024,2,"CUPRA",278,0.64
2024,2,"HONDA",219,0.5
2024,2,"MG",210,0.48
2024,2,"POLESTAR",197,0.45
2024,2,"JEEP",175,0.4
2024,2,"DS",157,0.36
2024,2,"SSANGYONG",153,0.35
2024,2,"BYD",143,0.33
2024,2,"LEXUS",113,0.26
2024,2,"ALFA_ROMEO",77,0.18
2024,2,"SMART",47,0.11
2024,2,"JAGUAR",43,0.1
2024,2,"LYNK_&_CO",40,0.09
2024,2,"SUBARU",27,0.06
2024,2,"LOTUS",26,0.06
2024,2,"ALPINE",15,0.03
2024,2,"FERRARI",14,0.03
2024,2,"ALLIED_VEHICLES_LTD",13,0.03
2024,2,"BAIC",13,0.03
2024,2,"TRIPOD",13,0.03
2024,2,"FORTHING",11,0.03
2024,2,"ASTON_MARTIN",9,0.02
2024,2,"BENTLEY",8,0.02
2024,2,"FISKER",7,0.02
2024,2,"LAMBORGHINI",6,0.01
2024,2,"MASERATI",5,0.01
2024,2,"MITSUBISHI",4,0.01
2024,2,"ALPINA",3,0.01
2024,2,"FAW",3,0.01
2024,2,"API",2,0
2024,2,"INEOS",2,0
2024,2,"DREAMER",1,0
2024,2,"MAN",1,0
2024,2,"MAXUS",1,0
2024,2,"NIO",1,0
2024,2,"SWM",1,0
2024,2,"TREMONIA",1,0
2024,3,"BMW",4439,9.92
2024,3,"VOLKSWAGEN",4030,9.01
2024,3,"AUDI",3215,7.18
2024,3,"MERCEDES",3157,7.05
2024,3,"TESLA",3121,6.97
2024,3,"VOLVO",2949,6.59
2024,3,"DACIA",2672,5.97
2024,3,"TOYOTA",2545,5.69
2024,3,"RENAULT",2223,4.97
2024,3,"KIA",1768,3.95
2024,3,"SKODA",1665,3.72
2024,3,"CITROEN",1524,3.41
2024,3,"HYUNDAI",1429,3.19
2024,3,"FORD",1387,3.1
2024,3,"PEUGEOT",1383,3.09
2024,3,"OPEL",1043,2.33
2024,3,"NISSAN",965,2.16
2024,3,"SEAT",740,1.65
2024,3,"MAZDA",535,1.2
2024,3,"SUZUKI",534,1.19
2024,3,"LAND_ROVER",507,1.13
2024,3,"PORSCHE",436,0.97
2024,3,"MINI",332,0.74
2024,3,"MG",293,0.65
2024,3,"CUPRA",235,0.53
2024,3,"FIAT",218,0.49
2024,3,"HONDA",201,0.45
2024,3,"JEEP",193,0.43
2024,3,"POLESTAR",151,0.34
2024,3,"BYD",149,0.33
2024,3,"LEXUS",117,0.26
2024,3,"DS",115,0.26
2024,3,"SSANGYONG",103,0.23
2024,3,"ALFA_ROMEO",69,0.15
2024,3,"SMART",48,0.11
2024,3,"JAGUAR",41,0.09
2024,3,"LOTUS",29,0.06
2024,3,"SUBARU",28,0.06
2024,3,"ALPINE",22,0.05
2024,3,"TRIPOD",19,0.04
2024,3,"KG_MOBILITY",15,0.03
2024,3,"FERRARI",13,0.03
2024,3,"LAMBORGHINI",13,0.03
2024,3,"FORTHING",11,0.02
2024,3,"BENTLEY",9,0.02
2024,3,"MASERATI",9,0.02
2024,3,"FISKER",7,0.02
2024,3,"MITSUBISHI",7,0.02
2024,3,"ASTON_MARTIN",6,0.01
2024,3,"DFSK",6,0.01
2024,3,"ALLIED_VEHICLES_LTD",5,0.01
2024,3,"BAIC",5,0.01
2024,3,"ALPINA",3,0.01
2024,3,"ROLLS-ROYCE",3,0.01
2024,3,"LYNK_&_CO",2,0
2024,3,"CATERHAM",1,0
2024,3,"CHERY",1,0
2024,3,"MAXUS",1,0
2024,3,"MCLAREN",1,0
2024,3,"ORA",1,0
2024,3,"SERES",1,0
2024,3,"SWM",1,0
2024,4,"VOLKSWAGEN",4225,10.64
2024,4,"BMW",4000,10.08
2024,4,"AUDI",3245,8.17
2024,4,"DACIA",2882,7.26
2024,4,"MERCEDES",2721,6.85
2024,4,"TOYOTA",2432,6.13
2024,4,"VOLVO",2414,6.08
2024,4,"RENAULT",2023,5.1
2024,4,"SKODA",1564,3.94
2024,4,"KIA",1500,3.78
2024,4,"HYUNDAI",1355,3.41
2024,4,"TESLA",1276,3.21
2024,4,"PEUGEOT",1151,2.9
2024,4,"CITROEN",1037,2.61
2024,4,"OPEL",920,2.32
2024,4,"FORD",822,2.07
2024,4,"NISSAN",800,2.02
2024,4,"MAZDA",688,1.73
2024,4,"SEAT",632,1.59
2024,4,"LAND_ROVER",571,1.44
2024,4,"SUZUKI",501,1.26
2024,4,"PORSCHE",397,1
2024,4,"MG",283,0.71
2024,4,"FIAT",281,0.71
2024,4,"CUPRA",215,0.54
2024,4,"MINI",214,0.54
2024,4,"JEEP",200,0.5
2024,4,"POLESTAR",196,0.49
2024,4,"BYD",156,0.39
2024,4,"HONDA",153,0.39
2024,4,"DS",131,0.33
2024,4,"ALFA_ROMEO",109,0.27
2024,4,"LEXUS",99,0.25
2024,4,"SMART",67,0.17
2024,4,"KG_MOBILITY",61,0.15
2024,4,"SSANGYONG",58,0.15
2024,4,"JAGUAR",43,0.11
2024,4,"LYNK_&_CO",35,0.09
2024,4,"LOTUS",30,0.08
2024,4,"SUBARU",28,0.07
2024,4,"ALPINE",27,0.07
2024,4,"MASERATI",19,0.05
2024,4,"FERRARI",15,0.04
2024,4,"TRIPOD",14,0.04
2024,4,"FISKER",13,0.03
2024,4,"BAIC",12,0.03
2024,4,"MAXUS",12,0.03
2024,4,"ASTON_MARTIN",11,0.03
2024,4,"LAMBORGHINI",10,0.03
2024,4,"FORTHING",9,0.02
2024,4,"DFSK",8,0.02
2024,4,"BENTLEY",6,0.02
2024,4,"FAW",6,0.02
2024,4,"ALLIED_VEHICLES_LTD",5,0.01
2024,4,"NIO",4,0.01
2024,4,"MITSUBISHI",3,0.01
2024,4,"ROLLS-ROYCE",3,0.01
2024,4,"ALPINA",2,0.01
2024,4,"CHEVROLET",1,0
2024,4,"INEOS",1,0
2024,4,"MORGAN",1,0
2024,4,"SWM",1,0
2024,4,"TREMONIA",1,0
2024,5,"BMW",4509,11.59
2024,5,"VOLKSWAGEN",4145,10.65
2024,5,"AUDI",3116,8.01
2024,5,"MERCEDES",2756,7.08
2024,5,"VOLVO",2291,5.89
2024,5,"RENAULT",2072,5.33
2024,5,"TOYOTA",1911,4.91
2024,5,"DACIA",1768,4.54
2024,5,"PEUGEOT",1696,4.36
2024,5,"KIA",1460,3.75
2024,5,"HYUNDAI",1438,3.7
2024,5,"TESLA",1261,3.24
2024,5,"SKODA",1229,3.16
2024,5,"CITROEN",1134,2.91
2024,5,"FORD",913,2.35
2024,5,"NISSAN",864,2.22
2024,5,"OPEL",791,2.03
2024,5,"LAND_ROVER",604,1.55
2024,5,"MAZDA",586,1.51
2024,5,"SEAT",564,1.45
2024,5,"SUZUKI",483,1.24
2024,5,"PORSCHE",435,1.12
2024,5,"FIAT",406,1.04
2024,5,"CUPRA",316,0.81
2024,5,"MG",306,0.79
2024,5,"MINI",262,0.67
2024,5,"JEEP",255,0.66
2024,5,"BYD",191,0.49
2024,5,"POLESTAR",160,0.41
2024,5,"HONDA",152,0.39
2024,5,"LEXUS",134,0.34
2024,5,"DS",104,0.27
2024,5,"ALFA_ROMEO",75,0.19
2024,5,"SSANGYONG",61,0.16
2024,5,"KG_MOBILITY",60,0.15
2024,5,"LOTUS",56,0.14
2024,5,"SMART",52,0.13
2024,5,"JAGUAR",48,0.12
2024,5,"SUBARU",39,0.1
2024,5,"LYNK_&_CO",28,0.07
2024,5,"MAXUS",20,0.05
2024,5,"ASTON_MARTIN",16,0.04
2024,5,"MASERATI",16,0.04
2024,5,"XPENG",15,0.04
2024,5,"ALPINE",14,0.04
2024,5,"FERRARI",13,0.03
2024,5,"TRIPOD",11,0.03
2024,5,"FORTHING",9,0.02
2024,5,"LAMBORGHINI",9,0.02
2024,5,"BAIC",7,0.02
2024,5,"ALLIED_VEHICLES_LTD",6,0.02
2024,5,"BENTLEY",6,0.02
2024,5,"MITSUBISHI",5,0.01
2024,5,"FAW",4,0.01
2024,5,"AMF",3,0.01
2024,5,"DFSK",3,0.01
2024,5,"FISKER",3,0.01
2024,5,"LANCIA",3,0.01
2024,5,"ALPINA",2,0.01
2024,5,"CATERHAM",2,0.01
2024,5,"INEOS",2,0.01
2024,5,"MORGAN",2,0.01
2024,5,"API",1,0
2024,5,"DONKERVOORT",1,0
2024,5,"MAN",1,0
2024,5,"ROLLS-ROYCE",1,0
2024,5,"SWM",1,0
2024,6,"VOLKSWAGEN",4296,8.65
2024,6,"BMW",4230,8.52
2024,6,"AUDI",2982,6
2024,6,"MERCEDES",2715,5.47
2024,6,"TOYOTA",2588,5.21
2024,6,"TESLA",2505,5.04
2024,6,"DACIA",2463,4.96
2024,6,"CITROEN",2449,4.93
2024,6,"VOLVO",2444,4.92
2024,6,"KIA",2276,4.58
2024,6,"RENAULT",2251,4.53
2024,6,"MG",1976,3.98
2024,6,"PEUGEOT",1898,3.82
2024,6,"HYUNDAI",1676,3.37
2024,6,"SKODA",1550,3.12
2024,6,"MAZDA",1458,2.94
2024,6,"NISSAN",1337,2.69
2024,6,"FORD",1282,2.58
2024,6,"OPEL",996,2.01
2024,6,"FIAT",972,1.96
2024,6,"SUZUKI",816,1.64
2024,6,"LAND_ROVER",652,1.31
2024,6,"CUPRA",513,1.03
2024,6,"PORSCHE",488,0.98
2024,6,"SEAT",450,0.91
2024,6,"MINI",425,0.86
2024,6,"BYD",308,0.62
2024,6,"POLESTAR",219,0.44
2024,6,"JEEP",190,0.38
2024,6,"SMART",175,0.35
2024,6,"HONDA",159,0.32
2024,6,"LEXUS",149,0.3
2024,6,"DS",141,0.28
2024,6,"JAGUAR",98,0.2
2024,6,"ALFA_ROMEO",97,0.2
2024,6,"SSANGYONG",78,0.16
2024,6,"KG_MOBILITY",58,0.12
2024,6,"SUBARU",56,0.11
2024,6,"LOTUS",33,0.07
2024,6,"MAXUS",32,0.06
2024,6,"ALPINE",19,0.04
2024,6,"FERRARI",17,0.03
2024,6,"LAMBORGHINI",16,0.03
2024,6,"LYNK_&_CO",16,0.03
2024,6,"TRIPOD",13,0.03
2024,6,"XPENG",12,0.02
2024,6,"MASERATI",11,0.02
2024,6,"BAIC",9,0.02
2024,6,"DFSK",9,0.02
2024,6,"LANCIA",8,0.02
2024,6,"FAW",7,0.01
2024,6,"ASTON_MARTIN",6,0.01
2024,6,"FORTHING",6,0.01
2024,6,"MITSUBISHI",5,0.01
2024,6,"ALPINA",4,0.01
2024,6,"BENTLEY",4,0.01
2024,6,"MCLAREN",4,0.01
2024,6,"ALLIED_VEHICLES_LTD",3,0.01
2024,6,"B-STYLE&FLEX-I-TRANS",3,0.01
2024,6,"ROLLS-ROYCE",2,0
2024,6,"AIWAYS",1,0
2024,6,"CHERY",1,0
2024,6,"FISKER",1,0
2024,6,"JAC",1,0
2024,6,"MAN",1,0
2024,6,"NIO",1,0
2024,6,"SWM",1,0
2024,7,"BMW",3885,12.08
2024,7,"VOLKSWAGEN",3461,10.76
2024,7,"AUDI",2650,8.24
2024,7,"MERCEDES",2642,8.22
2024,7,"PEUGEOT",2054,6.39
2024,7,"VOLVO",1714,5.33
2024,7,"TOYOTA",1497,4.66
2024,7,"RENAULT",1463,4.55
2024,7,"DACIA",1361,4.23
2024,7,"SKODA",1317,4.1
2024,7,"KIA",1276,3.97
2024,7,"TESLA",1088,3.38
2024,7,"MINI",943,2.93
2024,7,"CITROEN",804,2.5
2024,7,"FORD",627,1.95
2024,7,"HYUNDAI",588,1.83
2024,7,"OPEL",526,1.64
2024,7,"LAND_ROVER",471,1.46
2024,7,"SEAT",454,1.41
2024,7,"MG",380,1.18
2024,7,"PORSCHE",317,0.99
2024,7,"SUZUKI",295,0.92
2024,7,"NISSAN",293,0.91
2024,7,"CUPRA",266,0.83
2024,7,"MAZDA",232,0.72
2024,7,"BYD",199,0.62
2024,7,"HONDA",169,0.53
2024,7,"FIAT",161,0.5
2024,7,"POLESTAR",160,0.5
2024,7,"LYNK_&_CO",138,0.43
2024,7,"LEXUS",131,0.41
2024,7,"JEEP",116,0.36
2024,7,"DS",78,0.24
2024,7,"SMART",69,0.21
2024,7,"ALFA_ROMEO",48,0.15
2024,7,"JAGUAR",44,0.14
2024,7,"SSANGYONG",27,0.08
2024,7,"LOTUS",23,0.07
2024,7,"KG_MOBILITY",22,0.07
2024,7,"XPENG",19,0.06
2024,7,"MASERATI",18,0.06
2024,7,"FERRARI",17,0.05
2024,7,"SUBARU",12,0.04
2024,7,"DFSK",11,0.03
2024,7,"MAXUS",11,0.03
2024,7,"FORTHING",10,0.03
2024,7,"LAMBORGHINI",9,0.03
2024,7,"BENTLEY",8,0.02
2024,7,"ALPINE",6,0.02
2024,7,"TRIPOD",6,0.02
2024,7,"ASTON_MARTIN",5,0.02
2024,7,"BAIC",5,0.02
2024,7,"FAW",3,0.01
2024,7,"LANCIA",3,0.01
2024,7,"MCLAREN",3,0.01
2024,7,"ROLLS-ROYCE",3,0.01
2024,7,"ALLIED_VEHICLES_LTD",2,0.01
2024,7,"INEOS",2,0.01
2024,7,"MORGAN",2,0.01
2024,7,"NIO",2,0.01
2024,7,"TREMONIA",2,0.01
2024,7,"ALPINA",1,0
2024,7,"B-STYLE&FLEX-I-TRANS",1,0
2024,7,"CHEVROLET",1,0
2024,8,"BMW",4037,13.76
2024,8,"VOLKSWAGEN",2979,10.16
2024,8,"MERCEDES",2463,8.4
2024,8,"AUDI",2128,7.25
2024,8,"PEUGEOT",1703,5.81
2024,8,"RENAULT",1665,5.68
2024,8,"TOYOTA",1525,5.2
2024,8,"VOLVO",1465,4.99
2024,8,"KIA",1301,4.44
2024,8,"TESLA",1247,4.25
2024,8,"DACIA",1154,3.93
2024,8,"SKODA",1144,3.9
2024,8,"FORD",811,2.76
2024,8,"OPEL",576,1.96
2024,8,"MINI",570,1.94
2024,8,"MAZDA",555,1.89
2024,8,"CITROEN",500,1.7
2024,8,"LAND_ROVER",426,1.45
2024,8,"HYUNDAI",425,1.45
2024,8,"NISSAN",285,0.97
2024,8,"JEEP",242,0.83
2024,8,"FIAT",239,0.81
2024,8,"BYD",234,0.8
2024,8,"PORSCHE",232,0.79
2024,8,"POLESTAR",228,0.78
2024,8,"SEAT",222,0.76
2024,8,"SUZUKI",187,0.64
2024,8,"HONDA",185,0.63
2024,8,"CUPRA",138,0.47
2024,8,"LEXUS",89,0.3
2024,8,"SMART",48,0.16
2024,8,"ALFA_ROMEO",43,0.15
2024,8,"DS",42,0.14
2024,8,"MG",33,0.11
2024,8,"LOTUS",28,0.1
2024,8,"XPENG",26,0.09
2024,8,"KG_MOBILITY",17,0.06
2024,8,"SUBARU",17,0.06
2024,8,"FERRARI",15,0.05
2024,8,"JAGUAR",14,0.05
2024,8,"MASERATI",14,0.05
2024,8,"BAIC",11,0.04
2024,8,"TRIPOD",11,0.04
2024,8,"ALPINE",10,0.03
2024,8,"SSANGYONG",10,0.03
2024,8,"ASTON_MARTIN",6,0.02
2024,8,"LAMBORGHINI",5,0.02
2024,8,"MAXUS",5,0.02
2024,8,"DFSK",4,0.01
2024,8,"MCLAREN",3,0.01
2024,8,"ALLIED_VEHICLES_LTD",2,0.01
2024,8,"FAW",2,0.01
2024,8,"MORGAN",2,0.01
2024,8,"ROLLS-ROYCE",2,0.01
2024,8,"SWM",2,0.01
2024,8,"ALPINA",1,0
2024,8,"CHERY",1,0
2024,8,"FORTHING",1,0
2024,8,"LANCIA",1,0
2024,8,"MITSUBISHI",1,0
2024,8,"RIMAC",1,0
2024,9,"BMW",4626,14.6
2024,9,"VOLKSWAGEN",3250,10.26
2024,9,"MERCEDES",2293,7.24
2024,9,"TESLA",2013,6.35
2024,9,"AUDI",1854,5.85
2024,9,"RENAULT",1795,5.67
2024,9,"VOLVO",1572,4.96
2024,9,"SKODA",1544,4.87
2024,9,"TOYOTA",1530,4.83
2024,9,"PEUGEOT",1488,4.7
2024,9,"DACIA",1223,3.86
2024,9,"KIA",1112,3.51
2024,9,"MINI",1086,3.43
2024,9,"FORD",887,2.8
2024,9,"OPEL",798,2.52
2024,9,"HYUNDAI",780,2.46
2024,9,"NISSAN",444,1.4
2024,9,"CITROEN",403,1.27
2024,9,"PORSCHE",316,1
2024,9,"POLESTAR",288,0.91
2024,9,"BYD",287,0.91
2024,9,"LAND_ROVER",258,0.81
2024,9,"SUZUKI",252,0.8
2024,9,"CUPRA",216,0.68
2024,9,"SEAT",186,0.59
2024,9,"JEEP",178,0.56
2024,9,"LEXUS",172,0.54
2024,9,"MAZDA",170,0.54
2024,9,"FIAT",135,0.43
2024,9,"MG",87,0.27
2024,9,"DS",58,0.18
2024,9,"HONDA",56,0.18
2024,9,"KG_MOBILITY",55,0.17
2024,9,"SMART",55,0.17
2024,9,"LOTUS",37,0.12
2024,9,"XPENG",27,0.09
2024,9,"ALFA_ROMEO",23,0.07
2024,9,"BAIC",14,0.04
2024,9,"JAGUAR",12,0.04
2024,9,"ASTON_MARTIN",9,0.03
2024,9,"FERRARI",9,0.03
2024,9,"FORTHING",9,0.03
2024,9,"SSANGYONG",9,0.03
2024,9,"SUBARU",9,0.03
2024,9,"MASERATI",8,0.03
2024,9,"MAXUS",8,0.03
2024,9,"ALPINE",6,0.02
2024,9,"LAMBORGHINI",6,0.02
2024,9,"LANCIA",4,0.01
2024,9,"TRIPOD",4,0.01
2024,9,"NIO",3,0.01
2024,9,"DFSK",2,0.01
2024,9,"MORGAN",2,0.01
2024,9,"ALLIED_VEHICLES_LTD",1,0
2024,9,"AMF",1,0
2024,9,"B-STYLE&FLEX-I-TRANS",1,0
2024,9,"CATERHAM",1,0
2024,9,"INEOS",1,0
2024,9,"LYNK_&_CO",1,0
2024,9,"ROLLS-ROYCE",1,0
2024,9,"SWM",1,0
2024,10,"BMW",5199,14.26
2024,10,"VOLKSWAGEN",3363,9.23
2024,10,"MERCEDES",2684,7.36
2024,10,"AUDI",2455,6.74
2024,10,"PEUGEOT",2291,6.29
2024,10,"RENAULT",2106,5.78
2024,10,"SKODA",2052,5.63
2024,10,"DACIA",1990,5.46
2024,10,"VOLVO",1730,4.75
2024,10,"TOYOTA",1702,4.67
2024,10,"TESLA",1373,3.77
2024,10,"KIA",1357,3.72
2024,10,"OPEL",1187,3.26
2024,10,"FORD",1094,3
2024,10,"NISSAN",592,1.62
2024,10,"HYUNDAI",585,1.61
2024,10,"PORSCHE",584,1.6
2024,10,"CITROEN",521,1.43
2024,10,"MINI",345,0.95
2024,10,"LAND_ROVER",334,0.92
2024,10,"SUZUKI",316,0.87
2024,10,"BYD",273,0.75
2024,10,"SEAT",269,0.74
2024,10,"CUPRA",255,0.7
2024,10,"JEEP",221,0.61
2024,10,"POLESTAR",221,0.61
2024,10,"FIAT",175,0.48
2024,10,"LEXUS",151,0.41
2024,10,"MAZDA",151,0.41
2024,10,"MG",136,0.37
2024,10,"HONDA",134,0.37
2024,10,"DS",101,0.28
2024,10,"KG_MOBILITY",76,0.21
2024,10,"ALFA_ROMEO",65,0.18
2024,10,"SMART",50,0.14
2024,10,"LOTUS",48,0.13
2024,10,"XPENG",38,0.1
2024,10,"LEAPMOTOR",31,0.09
2024,10,"LANCIA",23,0.06
2024,10,"FORTHING",19,0.05
2024,10,"JAGUAR",18,0.05
2024,10,"TRIPOD",15,0.04
2024,10,"MASERATI",14,0.04
2024,10,"FERRARI",13,0.04
2024,10,"SSANGYONG",10,0.03
2024,10,"DFSK",9,0.02
2024,10,"ALPINE",8,0.02
2024,10,"ASTON_MARTIN",8,0.02
2024,10,"BAIC",8,0.02
2024,10,"LAMBORGHINI",8,0.02
2024,10,"SUBARU",7,0.02
2024,10,"MAXUS",6,0.02
2024,10,"ALLIED_VEHICLES_LTD",5,0.01
2024,10,"LIVAN",5,0.01
2024,10,"MORGAN",3,0.01
2024,10,"AMF",2,0.01
2024,10,"BENTLEY",2,0.01
2024,10,"OMODA",2,0.01
2024,10,"CATERHAM",1,0
2024,10,"INEOS",1,0
2024,10,"KTM",1,0
2024,10,"LYNK_&_CO",1,0
2024,10,"MCLAREN",1,0
2024,10,"ROLLS-ROYCE",1,0
2024,10,"SWM",1,0
2024,11,"BMW",3799,11.94
2024,11,"VOLKSWAGEN",2913,9.15
2024,11,"MERCEDES",2176,6.84
2024,11,"DACIA",2166,6.81
2024,11,"RENAULT",2149,6.75
2024,11,"AUDI",2017,6.34
2024,11,"PEUGEOT",2016,6.33
2024,11,"SKODA",1710,5.37
2024,11,"TESLA",1691,5.31
2024,11,"VOLVO",1535,4.82
2024,11,"TOYOTA",1401,4.4
2024,11,"KIA",1074,3.37
2024,11,"FORD",895,2.81
2024,11,"HYUNDAI",795,2.5
2024,11,"CITROEN",712,2.24
2024,11,"OPEL",649,2.04
2024,11,"NISSAN",609,1.91
2024,11,"PORSCHE",427,1.34
2024,11,"MINI",364,1.14
2024,11,"FIAT",264,0.83
2024,11,"BYD",233,0.73
2024,11,"POLESTAR",224,0.7
2024,11,"SUZUKI",224,0.7
2024,11,"LAND_ROVER",218,0.69
2024,11,"SEAT",215,0.68
2024,11,"CUPRA",192,0.6
2024,11,"MAZDA",154,0.48
2024,11,"MG",138,0.43
2024,11,"LEXUS",134,0.42
2024,11,"JEEP",120,0.38
2024,11,"ALFA_ROMEO",82,0.26
2024,11,"DS",77,0.24
2024,11,"KG_MOBILITY",58,0.18
2024,11,"MAXUS",53,0.17
2024,11,"HONDA",51,0.16
2024,11,"SMART",51,0.16
2024,11,"XPENG",44,0.14
2024,11,"LOTUS",35,0.11
2024,11,"LEAPMOTOR",31,0.1
2024,11,"JAGUAR",17,0.05
2024,11,"MASERATI",12,0.04
2024,11,"TRIPOD",12,0.04
2024,11,"LANCIA",11,0.03
2024,11,"SUBARU",10,0.03
2024,11,"LAMBORGHINI",8,0.03
2024,11,"ALLIED_VEHICLES_LTD",7,0.02
2024,11,"FERRARI",6,0.02
2024,11,"FORTHING",6,0.02
2024,11,"BENTLEY",5,0.02
2024,11,"LIVAN",5,0.02
2024,11,"ASTON_MARTIN",4,0.01
2024,11,"SSANGYONG",4,0.01
2024,11,"ALPINE",3,0.01
2024,11,"SWM",3,0.01
2024,11,"BAIC",2,0.01
2024,11,"DFSK",2,0.01
2024,11,"FAW",2,0.01
2024,11,"MAN",2,0.01
2024,11,"OMODA",2,0.01
2024,11,"API",1,0
2024,11,"CATERHAM",1,0
2024,11,"MCLAREN",1,0
2024,11,"MORGAN",1,0
2024,11,"ROLLS-ROYCE",1,0
2024,12,"VOLKSWAGEN",2597,11.08
2024,12,"DACIA",2113,9.02
2024,12,"BMW",1900,8.11
2024,12,"RENAULT",1896,8.09
2024,12,"PEUGEOT",1526,6.51
2024,12,"TESLA",1509,6.44
2024,12,"AUDI",1267,5.41
2024,12,"MERCEDES",1249,5.33
2024,12,"TOYOTA",1147,4.89
2024,12,"SKODA",1145,4.89
2024,12,"KIA",792,3.38
2024,12,"FORD",761,3.25
2024,12,"CITROEN",709,3.03
2024,12,"HYUNDAI",564,2.41
2024,12,"VOLVO",537,2.29
2024,12,"OPEL",530,2.26
2024,12,"MINI",392,1.67
2024,12,"NISSAN",339,1.45
2024,12,"PORSCHE",331,1.41
2024,12,"POLESTAR",211,0.9
2024,12,"BYD",194,0.83
2024,12,"FIAT",192,0.82
2024,12,"MAZDA",174,0.74
2024,12,"SUZUKI",174,0.74
2024,12,"LAND_ROVER",167,0.71
2024,12,"SEAT",146,0.62
2024,12,"CUPRA",137,0.58
2024,12,"MG",124,0.53
2024,12,"JEEP",96,0.41
2024,12,"LEXUS",91,0.39
2024,12,"LOTUS",51,0.22
2024,12,"HONDA",50,0.21
2024,12,"XPENG",49,0.21
2024,12,"SMART",44,0.19
2024,12,"ALFA_ROMEO",34,0.15
2024,12,"KG_MOBILITY",30,0.13
2024,12,"DS",24,0.1
2024,12,"LANCIA",24,0.1
2024,12,"LEAPMOTOR",23,0.1
2024,12,"SUBARU",16,0.07
2024,12,"FORTHING",12,0.05
2024,12,"JAGUAR",12,0.05
2024,12,"FERRARI",7,0.03
2024,12,"TRIPOD",7,0.03
2024,12,"MASERATI",6,0.03
2024,12,"MAXUS",5,0.02
2024,12,"ALPINE",4,0.02
2024,12,"BAIC",4,0.02
2024,12,"BENTLEY",4,0.02
2024,12,"LIVAN",4,0.02
2024,12,"ASTON_MARTIN",3,0.01
2024,12,"DFSK",3,0.01
2024,12,"ALLIED_VEHICLES_LTD",2,0.01
2024,12,"INEOS",2,0.01
2024,12,"SWM",2,0.01
2024,12,"AMF",1,0
2024,12,"FAW",1,0
2024,12,"NIO",1,0
2024,12,"SSANGYONG",1,0
2024,12,"VOYAH",1,0
2025,1,"BMW",5998,14.78
2025,1,"MERCEDES",3687,9.08
2025,1,"VOLKSWAGEN",3632,8.95
2025,1,"DACIA",2523,6.22
2025,1,"AUDI",2440,6.01
2025,1,"TOYOTA",2240,5.52
2025,1,"RENAULT",2223,5.48
2025,1,"PEUGEOT",1853,4.56
2025,1,"KIA",1760,4.34
2025,1,"VOLVO",1488,3.67
2025,1,"HYUNDAI",1340,3.3
2025,1,"FORD",1336,3.29
2025,1,"SKODA",1273,3.14
2025,1,"CITROEN",1181,2.91
2025,1,"TESLA",1008,2.48
2025,1,"NISSAN",974,2.4
2025,1,"OPEL",727,1.79
2025,1,"MINI",455,1.12
2025,1,"SUZUKI",453,1.12
2025,1,"LAND_ROVER",380,0.94
2025,1,"PORSCHE",371,0.91
2025,1,"CUPRA",361,0.89
2025,1,"SEAT",330,0.81
2025,1,"POLESTAR",300,0.74
2025,1,"MG",276,0.68
2025,1,"MAZDA",254,0.63
2025,1,"BYD",247,0.61
2025,1,"FIAT",202,0.5
2025,1,"ALFA_ROMEO",174,0.43
2025,1,"LEXUS",150,0.37
2025,1,"HONDA",144,0.35
2025,1,"JEEP",132,0.33
2025,1,"DS",90,0.22
2025,1,"XPENG",86,0.21
2025,1,"KG_MOBILITY",78,0.19
2025,1,"SMART",72,0.18
2025,1,"MAXUS",55,0.14
2025,1,"LEAPMOTOR",52,0.13
2025,1,"LOTUS",22,0.05
2025,1,"LANCIA",20,0.05
2025,1,"FERRARI",19,0.05
2025,1,"ALPINE",18,0.04
2025,1,"ASTON_MARTIN",16,0.04
2025,1,"SUBARU",15,0.04
2025,1,"BENTLEY",14,0.03
2025,1,"LYNK_&_CO",14,0.03
2025,1,"BAIC",13,0.03
2025,1,"JAGUAR",13,0.03
2025,1,"MASERATI",13,0.03
2025,1,"DONG_FENG",10,0.02
2025,1,"TRIPOD",10,0.02
2025,1,"LAMBORGHINI",9,0.02
2025,1,"B-STYLE&FLEX-I-TRANS",6,0.01
2025,1,"FORTHING",6,0.01
2025,1,"SSANGYONG",6,0.01
2025,1,"ALLIED_VEHICLES_LTD",5,0.01
2025,1,"OMODA",4,0.01
2025,1,"DFSK",3,0.01
2025,1,"FAW",3,0.01
2025,1,"AMF",2,0
2025,1,"ROLLS-ROYCE",2,0
2025,1,"SWM",2,0
2025,1,"ALPINA",1,0
2025,1,"CATERHAM",1,0
2025,1,"MCLAREN",1,0
2025,1,"NIO",1,0
2025,2,"BMW",4311,10.73
2025,2,"VOLKSWAGEN",3886,9.68
2025,2,"RENAULT",3710,9.24
2025,2,"MERCEDES",2484,6.19
2025,2,"AUDI",2441,6.08
2025,2,"DACIA",2228,5.55
2025,2,"PEUGEOT",2154,5.36
2025,2,"TOYOTA",2115,5.27
2025,2,"KIA",1719,4.28
2025,2,"SKODA",1532,3.81
2025,2,"VOLVO",1521,3.79
2025,2,"FORD",1304,3.25
2025,2,"HYUNDAI",1281,3.19
2025,2,"TESLA",1053,2.62
2025,2,"CITROEN",1030,2.56
2025,2,"OPEL",1015,2.53
2025,2,"NISSAN",999,2.49
2025,2,"SEAT",623,1.55
2025,2,"MINI",540,1.34
2025,2,"SUZUKI",419,1.04
2025,2,"LAND_ROVER",407,1.01
2025,2,"MG",390,0.97
2025,2,"CUPRA",354,0.88
2025,2,"FIAT",342,0.85
2025,2,"MAZDA",313,0.78
2025,2,"PORSCHE",255,0.63
2025,2,"POLESTAR",248,0.62
2025,2,"HONDA",231,0.58
2025,2,"BYD",223,0.56
2025,2,"JEEP",206,0.51
2025,2,"ALFA_ROMEO",171,0.43
2025,2,"LEXUS",131,0.33
2025,2,"KG_MOBILITY",74,0.18
2025,2,"DS",71,0.18
2025,2,"XPENG",68,0.17
2025,2,"LEAPMOTOR",43,0.11
2025,2,"SMART",41,0.1
2025,2,"LOTUS",24,0.06
2025,2,"ALPINE",20,0.05
2025,2,"MAXUS",17,0.04
2025,2,"LANCIA",14,0.03
2025,2,"MASERATI",13,0.03
2025,2,"TRIPOD",13,0.03
2025,2,"FERRARI",11,0.03
2025,2,"JAGUAR",11,0.03
2025,2,"SUBARU",10,0.02
2025,2,"DFSK",9,0.02
2025,2,"FORTHING",9,0.02
2025,2,"LIVAN",9,0.02
2025,2,"LAMBORGHINI",8,0.02
2025,2,"ASTON_MARTIN",7,0.02
2025,2,"BAIC",7,0.02
2025,2,"BENTLEY",6,0.01
2025,2,"AMF",5,0.01
2025,2,"ALLIED_VEHICLES_LTD",4,0.01
2025,2,"CATERHAM",3,0.01
2025,2,"DONGFENG",3,0.01
2025,2,"FAW",3,0.01
2025,2,"LYNK_&_CO",3,0.01
2025,2,"SSANGYONG",3,0.01
2025,2,"SWM",3,0.01
2025,2,"ALPINA",2,0
2025,2,"B-STYLE&FLEX-I-TRANS",2,0
2025,2,"MCLAREN",2,0
2025,2,"OMODA",2,0
2025,2,"VOYAH",2,0
2025,2,"MAN",1,0
2025,2,"MORGAN",1,0
2025,2,"ROLLS-ROYCE",1,0
2025,3,"BMW",4620,11.5
2025,3,"VOLKSWAGEN",3705,9.22
2025,3,"MERCEDES",2881,7.17
2025,3,"AUDI",2556,6.36
2025,3,"DACIA",2477,6.16
2025,3,"RENAULT",2312,5.75
2025,3,"PEUGEOT",2286,5.69
2025,3,"TOYOTA",2044,5.09
2025,3,"SKODA",1708,4.25
2025,3,"VOLVO",1549,3.85
2025,3,"KIA",1524,3.79
2025,3,"HYUNDAI",1329,3.31
2025,3,"FORD",1273,3.17
2025,3,"CITROEN",1205,3
2025,3,"OPEL",1064,2.65
2025,3,"TESLA",958,2.38
2025,3,"MINI",951,2.37
2025,3,"NISSAN",842,2.1
2025,3,"MG",433,1.08
2025,3,"LAND_ROVER",399,0.99
2025,3,"SUZUKI",392,0.98
2025,3,"FIAT",375,0.93
2025,3,"CUPRA",364,0.91
2025,3,"SEAT",352,0.88
2025,3,"BYD",340,0.85
2025,3,"MAZDA",332,0.83
2025,3,"PORSCHE",284,0.71
2025,3,"JEEP",279,0.69
2025,3,"POLESTAR",268,0.67
2025,3,"HONDA",206,0.51
2025,3,"ALFA_ROMEO",150,0.37
2025,3,"XPENG",119,0.3
2025,3,"LEXUS",117,0.29
2025,3,"DS",73,0.18
2025,3,"ALPINE",49,0.12
2025,3,"LEAPMOTOR",43,0.11
2025,3,"KG_MOBILITY",40,0.1
2025,3,"OMODA",40,0.1
2025,3,"FERRARI",25,0.06
2025,3,"JAECOO",25,0.06
2025,3,"SMART",21,0.05
2025,3,"FORTHING",17,0.04
2025,3,"SUBARU",17,0.04
2025,3,"LOTUS",15,0.04
2025,3,"LANCIA",14,0.03
2025,3,"TRIPOD",12,0.03
2025,3,"BAIC",10,0.02
2025,3,"LAMBORGHINI",10,0.02
2025,3,"LIVAN",10,0.02
2025,3,"ASTON_MARTIN",8,0.02
2025,3,"BENTLEY",8,0.02
2025,3,"JAGUAR",7,0.02
2025,3,"MAXUS",7,0.02
2025,3,"ALLIED_VEHICLES_LTD",6,0.01
2025,3,"CATERHAM",5,0.01
2025,3,"DFSK",5,0.01
2025,3,"MASERATI",4,0.01
2025,3,"SSANGYONG",4,0.01
2025,3,"DONGFENG",3,0.01
2025,3,"AMF",2,0
2025,3,"FAW",2,0
2025,3,"MAN",2,0
2025,3,"ROLLS-ROYCE",2,0
2025,3,"LUCID",1,0
2025,3,"LYNK_&_CO",1,0
2025,3,"MCLAREN",1,0
2025,3,"SECMA",1,0