"year","month","brand","model","ytd_registrations","ytd_market_share"
2023,1,"FIAT","500",540,16.2
2023,1,"SMART","FORTWO",369,11
2023,1,"RENAULT","TWINGO",212,6.3
2023,1,"AUDI","Q4",186,5.6
2023,1,"TESLA","MODEL Y",147,4.4
2023,1,"VOLKSWAGEN","ID.3",135,4
2023,1,"DACIA","SPRING",128,3.8
2023,1,"PEUGEOT","208",128,3.8
2023,1,"MG","MARVEL R",100,3
2023,1,"TESLA","MODEL S",98,2.9
2023,1,"MG","MG4",77,2.3
2023,1,"BMW","IX1",72,2.2
2023,1,"MINI","MINI",60,1.8
2023,1,"PEUGEOT","2008",52,1.6
2023,1,"RENAULT","MEGANE",52,1.6
2023,1,"CUPRA","BORN",51,1.5
2023,1,"TESLA","MODEL X",51,1.5
2023,1,"BMW","IX3",50,1.5
2023,1,"VOLVO","XC40",50,1.5
2023,1,"HYUNDAI","IONIQ 5",46,1.4
2023,1,"BMW","I4",44,1.3
2023,1,"NISSAN","LEAF",40,1.2
2023,1,"MAZDA","MX-30",39,1.2
2023,1,"OPEL","CORSA",39,1.2
2023,1,"CITROEN","C4",37,1.1
2023,1,"HYUNDAI","KONA",37,1.1
2023,1,"MERCEDES","EQA",35,1
2023,1,"OPEL","MOKKA",33,1
2023,1,"PORSCHE","TAYCAN",33,1
2023,1,"TESLA","MODEL 3",30,0.9
2023,1,"VOLKSWAGEN","ID.4",30,0.9
2023,1,"FORD","MUSTANG MACH-E",28,0.8
2023,1,"VOLKSWAGEN","ID BUZZ",28,0.8
2023,1,"BMW","IX",25,0.7
2023,1,"SKODA","ENYAQ",24,0.7
2023,1,"KIA","EV6",22,0.7
2023,1,"AUDI","E-TRON GT",18,0.5
2023,1,"KIA","NIRO",17,0.5
2023,1,"NISSAN","ARIYA",12,0.4
2023,1,"MG","MG5",11,0.3
2023,1,"MG","ZS",11,0.3
2023,1,"VOLVO","C40",11,0.3
2023,1,"FIAT","DOBLO",10,0.3
2023,2,"TESLA","MODEL Y",1263,15.3
2023,2,"FIAT","500",1078,13.1
2023,2,"SMART","FORTWO",778,9.4
2023,2,"RENAULT","MEGANE",455,5.5
2023,2,"RENAULT","TWINGO",415,5
2023,2,"AUDI","Q4",333,4
2023,2,"PEUGEOT","208",286,3.5
2023,2,"VOLKSWAGEN","ID.3",225,2.7
2023,2,"TESLA","MODEL 3",222,2.7
2023,2,"MG","MG4",211,2.6
2023,2,"DACIA","SPRING",188,2.3
2023,2,"CUPRA","BORN",159,1.9
2023,2,"MG","MARVEL R",148,1.8
2023,2,"BMW","IX1",141,1.7
2023,2,"MINI","MINI",139,1.7
2023,2,"NISSAN","LEAF",113,1.4
2023,2,"POLESTAR","POLESTAR 2",111,1.3
2023,2,"PEUGEOT","2008",109,1.3
2023,2,"VOLVO","XC40",108,1.3
2023,2,"TESLA","MODEL S",102,1.2
2023,2,"HYUNDAI","KONA",100,1.2
2023,2,"ALTRE","17",98,1.2
2023,2,"BMW","I4",92,1.1
2023,2,"BMW","IX3",81,1
2023,2,"CITROEN","C4 X",73,0.9
2023,2,"MERCEDES","EQA",72,0.9
2023,2,"OPEL","MOKKA",72,0.9
2023,2,"OPEL","CORSA",69,0.8
2023,2,"HYUNDAI","IONIQ 5",60,0.7
2023,2,"FORD","MUSTANG MK-E",55,0.7
2023,2,"KIA","EV6",54,0.7
2023,2,"VOLKSWAGEN","ID.4",54,0.7
2023,2,"CITROEN","C4",52,0.6
2023,2,"FIAT","DOBLO",52,0.6
2023,2,"TESLA","MODEL X",52,0.6
2023,2,"BMW","IX",51,0.6
2023,2,"DS","DS3",50,0.6
2023,2,"MAZDA","MX-30",47,0.6
2023,2,"VOLKSWAGEN","ID BUZZ",47,0.6
2023,2,"PORSCHE","TAYCAN",46,0.6
2023,2,"KIA","NIRO",41,0.5
2023,2,"SKODA","ENYAQ",38,0.5
2023,2,"VOLVO","C40",33,0.4
2023,2,"AUDI","E-TRON GT",30,0.4
2023,2,"MERCEDES","EQB",26,0.3
2023,2,"NISSAN","ARIYA",26,0.3
2023,2,"AUDI","E-TRON",25,0.3
2023,2,"VOLKSWAGEN","ID.5",23,0.3
2023,2,"MERCEDES","EQE",22,0.3
2023,2,"TOYOTA","PROACE CITY",19,0.2
2023,2,"MG","MG5",17,0.2
2023,2,"MG","ZS",17,0.2
2023,2,"MERCEDES","EQS",14,0.2
2023,2,"RENAULT","ZOE",12,0.1
2023,2,"CITROEN","BERLINGO",11,0.1
2023,2,"FIAT","ULYSSE",11,0.1
2023,2,"ISSIMA","SAETTA",11,0.1
2023,2,"SUBARU","SOLTERRA",11,0.1
2023,2,"MERCEDES","EQC",10,0.1
2023,3,"TESLA","MODEL Y",2960,18
2023,3,"FIAT","500",1530,9.3
2023,3,"TESLA","MODEL 3",1345,8.2
2023,3,"SMART","FORTWO",1332,8.1
2023,3,"RENAULT","MEGANE",734,4.5
2023,3,"RENAULT","TWINGO",630,3.8
2023,3,"PEUGEOT","208",555,3.4
2023,3,"DACIA","SPRING",554,3.4
2023,3,"AUDI","Q4",541,3.3
2023,3,"MG","MG4",495,3
2023,3,"VOLKSWAGEN","ID.3",445,2.7
2023,3,"CUPRA","BORN",290,1.8
2023,3,"MINI","MINI",274,1.7
2023,3,"BMW","IX1",273,1.7
2023,3,"POLESTAR","POLESTAR 2",248,1.5
2023,3,"MERCEDES","EQA",210,1.3
2023,3,"MG","MARVEL R",206,1.3
2023,3,"PEUGEOT","2008",192,1.2
2023,3,"BMW","I4",173,1.1
2023,3,"HYUNDAI","KONA",168,1
2023,3,"VOLVO","XC40",160,1
2023,3,"TESLA","MODEL S",159,1
2023,3,"OPEL","CORSA",158,1
2023,3,"OPEL","MOKKA",147,0.9
2023,3,"NISSAN","LEAF",145,0.9
2023,3,"TOYOTA","PROACE CITY",134,0.8
2023,3,"FORD","MUSTANG MK-E",127,0.8
2023,3,"BMW","IX3",123,0.7
2023,3,"MERCEDES","EQB",123,0.7
2023,3,"VOLKSWAGEN","ID.4",118,0.7
2023,3,"BMW","IX",116,0.7
2023,3,"RENAULT","ZOE",115,0.7
2023,3,"FIAT","DOBLO",96,0.6
2023,3,"CITROEN","C4",88,0.5
2023,3,"TESLA","MODEL X",86,0.5
2023,3,"CITROEN","C4 X",85,0.5
2023,3,"HYUNDAI","IONIQ 5",80,0.5
2023,3,"VOLKSWAGEN","ID BUZZ",76,0.5
2023,3,"AUDI","Q8",73,0.4
2023,3,"KIA","EV6",72,0.4
2023,3,"SKODA","ENYAQ",70,0.4
2023,3,"MAZDA","MX-30",68,0.4
2023,3,"VOLVO","C40",63,0.4
2023,3,"KIA","NIRO",59,0.4
2023,3,"DS","DS3",58,0.4
2023,3,"PORSCHE","TAYCAN",58,0.4
2023,3,"VOLKSWAGEN","ID.5",54,0.3
2023,3,"MERCEDES","EQE",49,0.3
2023,3,"NISSAN","ARIYA",41,0.2
2023,3,"JEEP","AVENGER",40,0.2
2023,3,"AUDI","E-TRON GT",38,0.2
2023,3,"MG","ZS",36,0.2
2023,3,"CITROEN","BERLINGO",34,0.2
2023,3,"MG","MG5",33,0.2
2023,3,"FIAT","ULYSSE",32,0.2
2023,3,"MERCEDES","EQS",32,0.2
2023,3,"AUDI","E-TRON",29,0.2
2023,3,"TOYOTA","PROACE VERSO",29,0.2
2023,3,"MERCEDES","EQC",21,0.1
2023,3,"JAGUAR","I-PACE",19,0.1
2023,3,"HONDA","E",18,0.1
2023,3,"SUBARU","SOLTERRA",14,0.1
2023,3,"PEUGEOT","RIFTER",13,0.1
2023,3,"BMW","I7",12,0.1
2023,3,"ISSIMA","SAETTA",11,0.1
2023,4,"TESLA","MODEL Y",3440,16.8
2023,4,"FIAT","500",1902,9.3
2023,4,"SMART","FORTWO",1697,8.3
2023,4,"TESLA","MODEL 3",1569,7.7
2023,4,"RENAULT","MEGANE",877,4.3
2023,4,"RENAULT","TWINGO",774,3.8
2023,4,"MG","MG4",723,3.5
2023,4,"DACIA","SPRING",702,3.4
2023,4,"PEUGEOT","208",684,3.3
2023,4,"AUDI","Q4",670,3.3
2023,4,"VOLKSWAGEN","ID.3",515,2.5
2023,4,"MINI","MINI",394,1.9
2023,4,"CUPRA","BORN",357,1.7
2023,4,"POLESTAR","POLESTAR 2",344,1.7
2023,4,"BMW","IX1",325,1.6
2023,4,"MERCEDES","EQA",264,1.3
2023,4,"OPEL","MOKKA",252,1.2
2023,4,"PEUGEOT","2008",241,1.2
2023,4,"HYUNDAI","KONA",236,1.2
2023,4,"OPEL","CORSA",231,1.1
2023,4,"VOLVO","XC40",230,1.1
2023,4,"BMW","I4",226,1.1
2023,4,"MG","MARVEL R",219,1.1
2023,4,"VOLKSWAGEN","ID.4",215,1.1
2023,4,"TESLA","MODEL S",179,0.9
2023,4,"FORD","MUSTANG MK-E",167,0.8
2023,4,"NISSAN","LEAF",158,0.8
2023,4,"BMW","IX3",149,0.7
2023,4,"RENAULT","ZOE",147,0.7
2023,4,"BMW","IX",146,0.7
2023,4,"TOYOTA","PROACE CITY",143,0.7
2023,4,"VOLKSWAGEN","ID.5",142,0.7
2023,4,"MERCEDES","EQB",134,0.7
2023,4,"CITROEN","C4",127,0.6
2023,4,"KIA","NIRO",110,0.5
2023,4,"FIAT","DOBLO",108,0.5
2023,4,"TESLA","MODEL X",102,0.5
2023,4,"HYUNDAI","IONIQ 5",95,0.5
2023,4,"VOLKSWAGEN","ID BUZZ",94,0.5
2023,4,"AUDI","Q8",93,0.5
2023,4,"SKODA","ENYAQ",93,0.5
2023,4,"CITROEN","C4 X",91,0.4
2023,4,"KIA","EV6",88,0.4
2023,4,"PORSCHE","TAYCAN",80,0.4
2023,4,"VOLVO","C40",80,0.4
2023,4,"MAZDA","MX-30",73,0.4
2023,4,"MERCEDES","EQE",63,0.3
2023,4,"DS","DS3",60,0.3
2023,4,"NISSAN","ARIYA",54,0.3
2023,4,"MERCEDES","EQS",43,0.2
2023,4,"MG","ZS",43,0.2
2023,4,"JEEP","AVENGER",40,0.2
2023,4,"AUDI","E-TRON GT",39,0.2
2023,4,"CITROEN","BERLINGO",39,0.2
2023,4,"MG","MG5",36,0.2
2023,4,"FIAT","ULYSSE",35,0.2
2023,4,"TOYOTA","PROACE VERSO",33,0.2
2023,4,"AUDI","E-TRON",29,0.1
2023,4,"HYUNDAI","IONIQ 6",26,0.1
2023,4,"JAGUAR","I-PACE",25,0.1
2023,4,"MERCEDES","EQC",23,0.1
2023,4,"SUBARU","SOLTERRA",23,0.1
2023,4,"HONDA","E",18,0.1
2023,4,"BMW","I7",16,0.1
2023,4,"PEUGEOT","RIFTER",13,0.1
2023,4,"ISSIMA","SAETTA",11,0.1
2023,4,"MELEX","378",10,0
2023,5,"TESLA","MODEL Y",4166,15.6
2023,5,"FIAT","500",2418,9.1
2023,5,"TESLA","MODEL 3",2231,8.4
2023,5,"SMART","FORTWO",2087,7.8
2023,5,"MG","MG4",1070,4
2023,5,"RENAULT","MEGANE",989,3.7
2023,5,"RENAULT","TWINGO",867,3.3
2023,5,"PEUGEOT","208",864,3.2
2023,5,"DACIA","SPRING",856,3.2
2023,5,"AUDI","Q4",832,3.1
2023,5,"VOLKSWAGEN","ID.3",601,2.3
2023,5,"OPEL","CORSA",597,2.2
2023,5,"MINI","MINI",493,1.8
2023,5,"PEUGEOT","2008",474,1.8
2023,5,"POLESTAR","POLESTAR 2",435,1.6
2023,5,"CUPRA","BORN",432,1.6
2023,5,"VOLKSWAGEN","ID.4",388,1.5
2023,5,"VOLVO","XC40",384,1.4
2023,5,"BMW","IX1",377,1.4
2023,5,"MERCEDES","EQA",344,1.3
2023,5,"OPEL","MOKKA",344,1.3
2023,5,"VOLKSWAGEN","ID.5",313,1.2
2023,5,"BMW","I4",308,1.2
2023,5,"HYUNDAI","KONA",281,1.1
2023,5,"MG","MARVEL R",234,0.9
2023,5,"TESLA","MODEL S",230,0.9
2023,5,"FORD","MUSTANG MK-E",228,0.9
2023,5,"RENAULT","ZOE",217,0.8
2023,5,"JEEP","AVENGER",196,0.7
2023,5,"BMW","IX",184,0.7
2023,5,"BMW","IX3",182,0.7
2023,5,"NISSAN","LEAF",182,0.7
2023,5,"CITROEN","C4",181,0.7
2023,5,"MERCEDES","EQB",158,0.6
2023,5,"TOYOTA","PROACE CITY",149,0.6
2023,5,"TESLA","MODEL X",140,0.5
2023,5,"FIAT","DOBLO",133,0.5
2023,5,"VOLKSWAGEN","ID BUZZ",132,0.5
2023,5,"KIA","EV6",131,0.5
2023,5,"SKODA","ENYAQ",128,0.5
2023,5,"KIA","NIRO",125,0.5
2023,5,"VOLVO","C40",121,0.5
2023,5,"AUDI","Q8",114,0.4
2023,5,"HYUNDAI","IONIQ 5",112,0.4
2023,5,"PORSCHE","TAYCAN",108,0.4
2023,5,"CITROEN","C4 X",101,0.4
2023,5,"MERCEDES","EQE",89,0.3
2023,5,"MAZDA","MX-30",75,0.3
2023,5,"MG","ZS",66,0.2
2023,5,"DS","DS3",64,0.2
2023,5,"NISSAN","ARIYA",60,0.2
2023,5,"MERCEDES","EQS",55,0.2
2023,5,"CITROEN","BERLINGO",47,0.2
2023,5,"FIAT","ULYSSE",43,0.2
2023,5,"AUDI","E-TRON GT",42,0.2
2023,5,"MG","MG5",39,0.1
2023,5,"TOYOTA","PROACE VERSO",36,0.1
2023,5,"AUDI","E-TRON",30,0.1
2023,5,"JAGUAR","I-PACE",30,0.1
2023,5,"HYUNDAI","IONIQ 6",27,0.1
2023,5,"MERCEDES","EQC",27,0.1
2023,5,"LEXUS","RZ",24,0.1
2023,5,"BYD","ATTO 3",21,0.1
2023,5,"BMW","I7",20,0.1
2023,5,"HONDA","E",20,0.1
2023,5,"TOYOTA","BZ4X",20,0.1
2023,5,"SUBARU","SOLTERRA",17,0.1
2023,5,"CITROEN","SPACETOURER",16,0.1
2023,5,"SMART","#1",15,0.1
2023,5,"DR","EQ1",14,0.1
2023,5,"PEUGEOT","RIFTER",14,0.1
2023,5,"MELEX","378",13,0
2023,5,"ISSIMA","SAETTA",11,0
2023,5,"MELEX","N.CAR",10,0
2023,6,"TESLA","MODEL Y",4833,14.7
2023,6,"TESLA","MODEL 3",3241,9.9
2023,6,"FIAT","500",2870,8.7
2023,6,"SMART","FORTWO",2437,7.4
2023,6,"MG","MG4",1235,3.8
2023,6,"RENAULT","TWINGO",1170,3.6
2023,6,"RENAULT","MEGANE",1128,3.4
2023,6,"PEUGEOT","208",1057,3.2
2023,6,"AUDI","Q4",968,2.9
2023,6,"DACIA","SPRING",935,2.8
2023,6,"OPEL","CORSA",902,2.7
2023,6,"VOLKSWAGEN","ID.3",729,2.2
2023,6,"MINI","MINI",569,1.7
2023,6,"POLESTAR","POLESTAR 2",559,1.7
2023,6,"PEUGEOT","2008",540,1.6
2023,6,"VOLKSWAGEN","ID.4",525,1.6
2023,6,"CUPRA","BORN",498,1.5
2023,6,"BMW","IX1",486,1.5
2023,6,"JEEP","AVENGER",481,1.5
2023,6,"MERCEDES","EQA",453,1.4
2023,6,"VOLVO","XC40",440,1.3
2023,6,"OPEL","MOKKA",393,1.2
2023,6,"VOLKSWAGEN","ID.5",389,1.2
2023,6,"FORD","MUSTANG MK-E",348,1.1
2023,6,"BMW","I4",339,1
2023,6,"HYUNDAI","KONA",336,1
2023,6,"TESLA","MODEL S",271,0.8
2023,6,"RENAULT","ZOE",270,0.8
2023,6,"MG","MARVEL R",267,0.8
2023,6,"CITROEN","C4",239,0.7
2023,6,"MERCEDES","EQB",226,0.7
2023,6,"BMW","IX",214,0.7
2023,6,"NISSAN","LEAF",211,0.6
2023,6,"BMW","IX3",194,0.6
2023,6,"SKODA","ENYAQ",187,0.6
2023,6,"TESLA","MODEL X",173,0.5
2023,6,"VOLKSWAGEN","ID BUZZ",163,0.5
2023,6,"PORSCHE","TAYCAN",162,0.5
2023,6,"TOYOTA","PROACE CITY",154,0.5
2023,6,"KIA","EV6",148,0.5
2023,6,"FIAT","DOBLO",143,0.4
2023,6,"MERCEDES","EQE",143,0.4
2023,6,"KIA","NIRO",135,0.4
2023,6,"VOLVO","C40",134,0.4
2023,6,"AUDI","Q8",133,0.4
2023,6,"HYUNDAI","IONIQ 5",118,0.4
2023,6,"CITROEN","C4 X",110,0.3
2023,6,"MG","ZS",96,0.3
2023,6,"DR","EQ1",92,0.3
2023,6,"MAZDA","MX-30",75,0.2
2023,6,"DS","DS3",69,0.2
2023,6,"NISSAN","ARIYA",64,0.2
2023,6,"MG","MG5",58,0.2
2023,6,"CITROEN","BERLINGO",55,0.2
2023,6,"AUDI","E-TRON GT",52,0.2
2023,6,"FIAT","ULYSSE",44,0.1
2023,6,"MERCEDES","EQS SUV",39,0.1
2023,6,"TOYOTA","PROACE VERSO",37,0.1
2023,6,"JAGUAR","I-PACE",32,0.1
2023,6,"MERCEDES","EQC",31,0.1
2023,6,"AUDI","E-TRON",30,0.1
2023,6,"MERCEDES","EQS",30,0.1
2023,6,"SMART","#1",30,0.1
2023,6,"LEXUS","RZ",29,0.1
2023,6,"HYUNDAI","IONIQ 6",28,0.1
2023,6,"TOYOTA","BZ4X",26,0.1
2023,6,"BMW","I7",23,0.1
2023,6,"BYD","ATTO 3",21,0.1
2023,6,"CITROEN","SPACETOURER",21,0.1
2023,6,"HONDA","E",21,0.1
2023,6,"MELEX","378",17,0.1
2023,6,"SUBARU","SOLTERRA",17,0.1
2023,6,"MERCEDES","EQV",16,0
2023,6,"PEUGEOT","RIFTER",15,0
2023,6,"ISSIMA","SAETTA",11,0
2023,6,"EAGLE BUS","JET-SH6-21",10,0
2023,6,"MELEX","N.CAR",10,0
2023,7,"TESLA","MODEL Y",5232,14.1
2023,7,"TESLA","MODEL 3",3308,8.9
2023,7,"FIAT","500",3202,8.7
2023,7,"SMART","FORTWO",2754,7.4
2023,7,"MG","MG4",1457,3.9
2023,7,"RENAULT","MEGANE",1307,3.5
2023,7,"PEUGEOT","208",1277,3.5
2023,7,"RENAULT","TWINGO",1254,3.4
2023,7,"DACIA","SPRING",1143,3.1
2023,7,"OPEL","CORSA",1065,2.9
2023,7,"AUDI","Q4",1053,2.8
2023,7,"VOLKSWAGEN","ID.3",812,2.2
2023,7,"MINI","MINI",662,1.8
2023,7,"POLESTAR","POLESTAR 2",625,1.7
2023,7,"VOLKSWAGEN","ID.4",615,1.7
2023,7,"JEEP","AVENGER",608,1.6
2023,7,"PEUGEOT","2008",586,1.6
2023,7,"BMW","IX1",565,1.5
2023,7,"CUPRA","BORN",540,1.5
2023,7,"MERCEDES","EQA",524,1.4
2023,7,"VOLVO","XC40",465,1.3
2023,7,"HYUNDAI","KONA",424,1.1
2023,7,"OPEL","MOKKA",415,1.1
2023,7,"FORD","MUSTANG MK-E",413,1.1
2023,7,"VOLKSWAGEN","ID.5",411,1.1
2023,7,"BMW","I4",399,1.1
2023,7,"MG","MARVEL R",330,0.9
2023,7,"RENAULT","ZOE",291,0.8
2023,7,"CITROEN","C4",280,0.8
2023,7,"TESLA","MODEL S",277,0.7
2023,7,"MERCEDES","EQB",259,0.7
2023,7,"SKODA","ENYAQ",241,0.7
2023,7,"BMW","IX",233,0.6
2023,7,"NISSAN","LEAF",228,0.6
2023,7,"PORSCHE","TAYCAN",225,0.6
2023,7,"BMW","IX3",219,0.6
2023,7,"MG","ZS",182,0.5
2023,7,"VOLKSWAGEN","ID BUZZ",180,0.5
2023,7,"TESLA","MODEL X",179,0.5
2023,7,"MERCEDES","EQE",173,0.5
2023,7,"KIA","EV6",166,0.4
2023,7,"AUDI","Q8",156,0.4
2023,7,"TOYOTA","PROACE CITY",154,0.4
2023,7,"FIAT","DOBLO",150,0.4
2023,7,"VOLVO","C40",148,0.4
2023,7,"KIA","NIRO",147,0.4
2023,7,"DR","EQ1",141,0.4
2023,7,"CITROEN","C4 X",137,0.4
2023,7,"HYUNDAI","IONIQ 5",120,0.3
2023,7,"SMART","#1",88,0.2
2023,7,"NISSAN","ARIYA",84,0.2
2023,7,"MG","MG5",82,0.2
2023,7,"DS","DS3",77,0.2
2023,7,"AUDI","E-TRON",76,0.2
2023,7,"MAZDA","MX-30",76,0.2
2023,7,"CITROEN","BERLINGO",61,0.2
2023,7,"CITROEN","SPACETOURER",46,0.1
2023,7,"FIAT","ULYSSE",45,0.1
2023,7,"MERCEDES","EQS SUV",44,0.1
2023,7,"BYD","ATTO 3",42,0.1
2023,7,"TOYOTA","PROACE VERSO",40,0.1
2023,7,"FIAT","600",37,0.1
2023,7,"MERCEDES","EQS",37,0.1
2023,7,"HYUNDAI","IONIQ 6",33,0.1
2023,7,"JAGUAR","I-PACE",33,0.1
2023,7,"MERCEDES","EQC",31,0.1
2023,7,"LEXUS","RZ",29,0.1
2023,7,"TOYOTA","BZ4X",29,0.1
2023,7,"BMW","I7",25,0.1
2023,7,"MELEX","378",25,0.1
2023,7,"HONDA","E",23,0.1
2023,7,"MERCEDES","EQV",20,0.1
2023,7,"SUBARU","SOLTERRA",17,0
2023,7,"AUDI","E-TRON GT",16,0
2023,7,"PEUGEOT","RIFTER",16,0
2023,7,"MELEX","N.CAR",14,0
2023,7,"ISSIMA","SAETTA",11,0
2023,7,"OPEL","ZAFIRA LIFE",11,0
2023,7,"EAGLE BUS","JET-SH6-21",10,0
2023,8,"TESLA","MODEL Y",6163,15
2023,8,"TESLA","MODEL 3",4500,11
2023,8,"FIAT","500",3337,8.1
2023,8,"SMART","FORTWO",2883,7
2023,8,"MG","MG4",1515,3.7
2023,8,"RENAULT","MEGANE",1479,3.6
2023,8,"PEUGEOT","208",1327,3.2
2023,8,"RENAULT","TWINGO",1277,3.1
2023,8,"DACIA","SPRING",1251,3
2023,8,"AUDI","Q4",1167,2.8
2023,8,"OPEL","CORSA",1138,2.8
2023,8,"VOLKSWAGEN","ID.3",868,2.1
2023,8,"MINI","MINI",722,1.8
2023,8,"BMW","IX1",655,1.6
2023,8,"JEEP","AVENGER",655,1.6
2023,8,"VOLKSWAGEN","ID.4",650,1.6
2023,8,"PEUGEOT","2008",639,1.6
2023,8,"POLESTAR","POLESTAR 2",633,1.5
2023,8,"CUPRA","BORN",577,1.4
2023,8,"MERCEDES","EQA",541,1.3
2023,8,"FORD","MUSTANG MK-E",524,1.3
2023,8,"HYUNDAI","KONA",498,1.2
2023,8,"VOLVO","XC40",477,1.2
2023,8,"BMW","I4",439,1.1
2023,8,"OPEL","MOKKA",434,1.1
2023,8,"VOLKSWAGEN","ID.5",423,1
2023,8,"MG","MARVEL R",330,0.8
2023,8,"CITROEN","C4",304,0.7
2023,8,"RENAULT","ZOE",296,0.7
2023,8,"TESLA","MODEL S",281,0.7
2023,8,"MERCEDES","EQB",275,0.7
2023,8,"SKODA","ENYAQ",263,0.6
2023,8,"BMW","IX",254,0.6
2023,8,"NISSAN","LEAF",249,0.6
2023,8,"PORSCHE","TAYCAN",248,0.6
2023,8,"BMW","IX3",231,0.6
2023,8,"MERCEDES","EQE",195,0.5
2023,8,"VOLKSWAGEN","ID BUZZ",191,0.5
2023,8,"MG","ZS",184,0.4
2023,8,"TESLA","MODEL X",181,0.4
2023,8,"DR","EQ1",176,0.4
2023,8,"KIA","EV6",170,0.4
2023,8,"VOLVO","C40",170,0.4
2023,8,"AUDI","Q8",169,0.4
2023,8,"CITROEN","C4 X",159,0.4
2023,8,"KIA","NIRO",157,0.4
2023,8,"FIAT","DOBLO",155,0.4
2023,8,"TOYOTA","PROACE CITY",155,0.4
2023,8,"HYUNDAI","IONIQ 5",127,0.3
2023,8,"SMART","#1",120,0.3
2023,8,"NISSAN","ARIYA",86,0.2
2023,8,"DS","DS3",83,0.2
2023,8,"MG","MG5",82,0.2
2023,8,"MAZDA","MX-30",80,0.2
2023,8,"AUDI","E-TRON",76,0.2
2023,8,"CITROEN","BERLINGO",63,0.2
2023,8,"BYD","ATTO 3",56,0.1
2023,8,"CITROEN","SPACETOURER",50,0.1
2023,8,"MERCEDES","EQS SUV",48,0.1
2023,8,"FIAT","ULYSSE",46,0.1
2023,8,"HYUNDAI","IONIQ 6",46,0.1
2023,8,"FIAT","600",42,0.1
2023,8,"TOYOTA","PROACE VERSO",40,0.1
2023,8,"MERCEDES","EQS",39,0.1
2023,8,"JAGUAR","I-PACE",34,0.1
2023,8,"MERCEDES","EQC",31,0.1
2023,8,"LEXUS","RZ",30,0.1
2023,8,"TOYOTA","BZ4X",29,0.1
2023,8,"BMW","I7",28,0.1
2023,8,"MELEX","378",26,0.1
2023,8,"HONDA","E",23,0.1
2023,8,"AIWAYS","U5",22,0.1
2023,8,"MERCEDES","EQV",20,0
2023,8,"AUDI","E-TRON GT",17,0
2023,8,"PEUGEOT","RIFTER",17,0
2023,8,"SUBARU","SOLTERRA",17,0
2023,8,"MELEX","N.CAR",16,0
2023,8,"ISSIMA","SAETTA",11,0
2023,8,"OPEL","COMBO",11,0
2023,8,"OPEL","ZAFIRA LIFE",11,0
2023,9,"TESLA","MODEL Y",6966,15.1
2023,9,"TESLA","MODEL 3",4533,9.8
2023,9,"FIAT","500",3618,7.9
2023,9,"SMART","FORTWO",3295,7.2
2023,9,"RENAULT","MEGANE",1610,3.5
2023,9,"MG","MG4",1600,3.5
2023,9,"PEUGEOT","208",1434,3.1
2023,9,"DACIA","SPRING",1360,3
2023,9,"RENAULT","TWINGO",1358,2.9
2023,9,"AUDI","Q4",1332,2.9
2023,9,"OPEL","CORSA",1261,2.7
2023,9,"VOLKSWAGEN","ID.3",1150,2.5
2023,9,"MINI","MINI",837,1.8
2023,9,"BMW","IX1",790,1.7
2023,9,"CUPRA","BORN",780,1.7
2023,9,"POLESTAR","POLESTAR 2",767,1.7
2023,9,"JEEP","AVENGER",760,1.6
2023,9,"PEUGEOT","2008",742,1.6
2023,9,"VOLKSWAGEN","ID.4",710,1.5
2023,9,"MERCEDES","EQA",690,1.5
2023,9,"FORD","MUSTANG MK-E",689,1.5
2023,9,"HYUNDAI","KONA",647,1.4
2023,9,"VOLVO","XC40",512,1.1
2023,9,"BMW","I4",476,1
2023,9,"OPEL","MOKKA",453,1
2023,9,"VOLKSWAGEN","ID.5",446,1
2023,9,"MERCEDES","EQB",359,0.8
2023,9,"CITROEN","C4",351,0.8
2023,9,"MG","MARVEL R",334,0.7
2023,9,"TESLA","MODEL S",322,0.7
2023,9,"SKODA","ENYAQ",313,0.7
2023,9,"RENAULT","ZOE",309,0.7
2023,9,"PORSCHE","TAYCAN",305,0.7
2023,9,"BMW","IX",302,0.7
2023,9,"NISSAN","LEAF",286,0.6
2023,9,"DR","EQ1",250,0.5
2023,9,"BMW","IX3",242,0.5
2023,9,"AUDI","Q8",237,0.5
2023,9,"TESLA","MODEL X",211,0.5
2023,9,"VOLKSWAGEN","ID BUZZ",205,0.4
2023,9,"VOLVO","C40",205,0.4
2023,9,"MG","ZS",187,0.4
2023,9,"KIA","EV6",177,0.4
2023,9,"SMART","#1",173,0.4
2023,9,"CITROEN","C4 X",170,0.4
2023,9,"KIA","NIRO",164,0.4
2023,9,"MERCEDES","EQE",160,0.3
2023,9,"FIAT","DOBLO",158,0.3
2023,9,"TOYOTA","PROACE CITY",155,0.3
2023,9,"HYUNDAI","IONIQ 5",133,0.3
2023,9,"NISSAN","ARIYA",97,0.2
2023,9,"DS","DS3",88,0.2
2023,9,"MAZDA","MX-30",87,0.2
2023,9,"MG","MG5",82,0.2
2023,9,"AUDI","E-TRON GT",77,0.2
2023,9,"CITROEN","BERLINGO",72,0.2
2023,9,"MERCEDES","EQE SUV",68,0.1
2023,9,"MERCEDES","EQS SUV",62,0.1
2023,9,"BYD","ATTO 3",57,0.1
2023,9,"CITROEN","SPACETOURER",56,0.1
2023,9,"HYUNDAI","IONIQ 6",56,0.1
2023,9,"MERCEDES","EQS",48,0.1
2023,9,"TOYOTA","PROACE VERSO",48,0.1
2023,9,"FIAT","ULYSSE",46,0.1
2023,9,"HONDA","E:NY1",44,0.1
2023,9,"FIAT","600",42,0.1
2023,9,"JAGUAR","I-PACE",36,0.1
2023,9,"BMW","I7",33,0.1
2023,9,"MERCEDES","EQC",33,0.1
2023,9,"LEXUS","RZ",31,0.1
2023,9,"TOYOTA","BZ4X",31,0.1
2023,9,"AUDI","E-TRON",30,0.1
2023,9,"OPEL","COMBO",30,0.1
2023,9,"MELEX","378",28,0.1
2023,9,"AIWAYS","U5",23,0
2023,9,"HONDA","E",23,0
2023,9,"BMW","I5",20,0
2023,9,"MERCEDES","EQV",20,0
2023,9,"PEUGEOT","RIFTER",18,0
2023,9,"SUBARU","SOLTERRA",18,0
2023,9,"MELEX","N.CAR",17,0
2023,9,"BYD","HAN",15,0
2023,9,"OPEL","ZAFIRA LIFE",12,0
2023,9,"PEUGEOT","TRAVELLER",12,0
2023,9,"ISSIMA","SAETTA",11,0
2023,9,"EAGLE BUS","JET-SH6-21",10,0
2023,9,"SERES","3",10,0
2023,10,"TESLA","MODEL Y",7315,14.1
2023,10,"TESLA","MODEL 3",5070,9.8
2023,10,"SMART","FORTWO",3808,7.3
2023,10,"FIAT","500",3762,7.3
2023,10,"RENAULT","MEGANE",1732,3.3
2023,10,"MG","MG4",1692,3.3
2023,10,"PEUGEOT","208",1666,3.2
2023,10,"DACIA","SPRING",1591,3.1
2023,10,"AUDI","Q4",1521,2.9
2023,10,"RENAULT","TWINGO",1498,2.9
2023,10,"VOLKSWAGEN","ID.3",1392,2.7
2023,10,"OPEL","CORSA",1365,2.6
2023,10,"BMW","IX1",1023,2
2023,10,"JEEP","AVENGER",948,1.8
2023,10,"MINI","MINI",929,1.8
2023,10,"FORD","MUSTANG MK-E",910,1.8
2023,10,"CUPRA","BORN",869,1.7
2023,10,"POLESTAR","POLESTAR 2",805,1.6
2023,10,"PEUGEOT","2008",801,1.5
2023,10,"MERCEDES","EQA",783,1.5
2023,10,"HYUNDAI","KONA",768,1.5
2023,10,"VOLKSWAGEN","ID.4",766,1.5
2023,10,"OPEL","MOKKA",557,1.1
2023,10,"BMW","I4",551,1.1
2023,10,"VOLVO","XC40",546,1.1
2023,10,"VOLKSWAGEN","ID.5",468,0.9
2023,10,"CITROEN","C4",428,0.8
2023,10,"SKODA","ENYAQ",405,0.8
2023,10,"MERCEDES","EQB",395,0.8
2023,10,"DR","EQ1",386,0.7
2023,10,"PORSCHE","TAYCAN",370,0.7
2023,10,"MG","MARVEL R",341,0.7
2023,10,"SMART","#1",341,0.7
2023,10,"RENAULT","ZOE",339,0.7
2023,10,"TESLA","MODEL S",338,0.7
2023,10,"BMW","IX",323,0.6
2023,10,"NISSAN","LEAF",304,0.6
2023,10,"AUDI","Q8",273,0.5
2023,10,"VOLVO","C40",257,0.5
2023,10,"BMW","IX3",255,0.5
2023,10,"VOLKSWAGEN","ID BUZZ",247,0.5
2023,10,"TESLA","MODEL X",217,0.4
2023,10,"KIA","EV6",202,0.4
2023,10,"MG","ZS",190,0.4
2023,10,"KIA","NIRO",185,0.4
2023,10,"CITROEN","C4 X",180,0.3
2023,10,"MERCEDES","EQE",175,0.3
2023,10,"FIAT","DOBLO",162,0.3
2023,10,"TOYOTA","PROACE CITY",162,0.3
2023,10,"ABARTH","500",160,0.3
2023,10,"FIAT","600",140,0.3
2023,10,"HYUNDAI","IONIQ 5",138,0.3
2023,10,"NISSAN","ARIYA",111,0.2
2023,10,"MAZDA","MX-30",110,0.2
2023,10,"DS","DS3",102,0.2
2023,10,"MERCEDES","EQE SUV",90,0.2
2023,10,"BYD","ATTO 3",89,0.2
2023,10,"AUDI","E-TRON GT",87,0.2
2023,10,"MG","MG5",83,0.2
2023,10,"CITROEN","BERLINGO",78,0.2
2023,10,"HYUNDAI","IONIQ 6",69,0.1
2023,10,"MERCEDES","EQS SUV",65,0.1
2023,10,"CITROEN","SPACETOURER",63,0.1
2023,10,"TOYOTA","PROACE VERSO",60,0.1
2023,10,"KIA","EV9",57,0.1
2023,10,"MERCEDES","EQS",52,0.1
2023,10,"BMW","I5",49,0.1
2023,10,"HONDA","E:NY1",47,0.1
2023,10,"FIAT","ULYSSE",46,0.1
2023,10,"TOYOTA","BZ4X",41,0.1
2023,10,"JAGUAR","I-PACE",37,0.1
2023,10,"LEXUS","RZ",35,0.1
2023,10,"MERCEDES","EQC",34,0.1
2023,10,"BMW","I7",33,0.1
2023,10,"MELEX","378",31,0.1
2023,10,"OPEL","COMBO",31,0.1
2023,10,"AUDI","E-TRON",30,0.1
2023,10,"SUBARU","SOLTERRA",24,0
2023,10,"AIWAYS","U5",23,0
2023,10,"HONDA","E",23,0
2023,10,"MERCEDES","EQV",23,0
2023,10,"MELEX","N.CAR",19,0
2023,10,"BYD","HAN",18,0
2023,10,"PEUGEOT","RIFTER",18,0
2023,10,"SERES","3",18,0
2023,10,"BYD","DOLPHIN",16,0
2023,10,"OPEL","ZAFIRA LIFE",13,0
2023,10,"PEUGEOT","TRAVELLER",13,0
2023,10,"ISSIMA","SAETTA",12,0
2023,10,"EAGLE BUS","JET-SH6-21",10,0
2023,10,"EVO","EVO 3",10,0
2023,10,"LOTUS","ELETRE",10,0
2023,11,"TESLA","MODEL Y",8018,13.4
2023,11,"TESLA","MODEL 3",7026,11.7
2023,11,"SMART","FORTWO",4230,7.1
2023,11,"FIAT","500",4183,7
2023,11,"DACIA","SPRING",2100,3.5
2023,11,"MG","MG4",1908,3.2
2023,11,"RENAULT","MEGANE",1836,3.1
2023,11,"PEUGEOT","208",1823,3
2023,11,"AUDI","Q4",1723,2.9
2023,11,"RENAULT","TWINGO",1597,2.7
2023,11,"VOLKSWAGEN","ID.3",1505,2.5
2023,11,"OPEL","CORSA",1425,2.4
2023,11,"JEEP","AVENGER",1194,2
2023,11,"BMW","IX1",1190,2
2023,11,"FORD","MUSTANG MK-E",1066,1.8
2023,11,"MINI","MINI",1016,1.7
2023,11,"CUPRA","BORN",935,1.6
2023,11,"MERCEDES","EQA",912,1.5
2023,11,"HYUNDAI","KONA",865,1.4
2023,11,"PEUGEOT","2008",840,1.4
2023,11,"POLESTAR","POLESTAR 2",833,1.4
2023,11,"VOLKSWAGEN","ID.4",831,1.4
2023,11,"OPEL","MOKKA",682,1.1
2023,11,"BMW","I4",678,1.1
2023,11,"VOLVO","XC40",621,1
2023,11,"VOLKSWAGEN","ID.5",579,1
2023,11,"CITROEN","C4",535,0.9
2023,11,"SMART","#1",518,0.9
2023,11,"SKODA","ENYAQ",493,0.8
2023,11,"MERCEDES","EQB",475,0.8
2023,11,"DR","EQ1",442,0.7
2023,11,"PORSCHE","TAYCAN",423,0.7
2023,11,"BMW","IX",374,0.6
2023,11,"TESLA","MODEL S",369,0.6
2023,11,"RENAULT","ZOE",352,0.6
2023,11,"MG","MARVEL R",351,0.6
2023,11,"VOLVO","C40",325,0.5
2023,11,"NISSAN","LEAF",310,0.5
2023,11,"AUDI","Q8",306,0.5
2023,11,"FIAT","600",304,0.5
2023,11,"VOLKSWAGEN","ID BUZZ",300,0.5
2023,11,"BMW","IX3",293,0.5
2023,11,"TESLA","MODEL X",237,0.4
2023,11,"KIA","EV6",211,0.4
2023,11,"CITROEN","C4 X",200,0.3
2023,11,"MG","ZS",198,0.3
2023,11,"MERCEDES","EQE",194,0.3
2023,11,"KIA","NIRO",191,0.3
2023,11,"ABARTH","500",173,0.3
2023,11,"TOYOTA","PROACE CITY",165,0.3
2023,11,"FIAT","DOBLO",162,0.3
2023,11,"NISSAN","ARIYA",143,0.2
2023,11,"HYUNDAI","IONIQ 5",140,0.2
2023,11,"MAZDA","MX-30",139,0.2
2023,11,"MERCEDES","EQE SUV",118,0.2
2023,11,"BYD","ATTO 3",116,0.2
2023,11,"DS","DS3",105,0.2
2023,11,"AUDI","E-TRON GT",92,0.2
2023,11,"KIA","EV9",85,0.1
2023,11,"MG","MG5",85,0.1
2023,11,"CITROEN","BERLINGO",81,0.1
2023,11,"HYUNDAI","IONIQ 6",77,0.1
2023,11,"CITROEN","SPACETOURER",69,0.1
2023,11,"MERCEDES","EQS SUV",69,0.1
2023,11,"TOYOTA","PROACE VERSO",62,0.1
2023,11,"BMW","I5",61,0.1
2023,11,"MERCEDES","EQS",56,0.1
2023,11,"TOYOTA","BZ4X",48,0.1
2023,11,"FIAT","ULYSSE",47,0.1
2023,11,"HONDA","E:NY1",47,0.1
2023,11,"PEUGEOT","308",46,0.1
2023,11,"JAGUAR","I-PACE",38,0.1
2023,11,"LEXUS","RZ",38,0.1
2023,11,"OPEL","COMBO",38,0.1
2023,11,"BMW","I7",37,0.1
2023,11,"MERCEDES","EQC",35,0.1
2023,11,"RENAULT","KANGOO",34,0.1
2023,11,"MELEX","378",31,0.1
2023,11,"AUDI","E-TRON",30,0.1
2023,11,"MERCEDES","EQV",30,0.1
2023,11,"BYD","DOLPHIN",28,0
2023,11,"SUBARU","SOLTERRA",27,0
2023,11,"LOTUS","ELETRE",24,0
2023,11,"AIWAYS","U5",23,0
2023,11,"HONDA","E",23,0
2023,11,"BYD","HAN",21,0
2023,11,"MELEX","N.CAR",19,0
2023,11,"PEUGEOT","RIFTER",19,0
2023,11,"SERES","3",18,0
2023,11,"OPEL","ZAFIRA LIFE",14,0
2023,11,"PEUGEOT","TRAVELLER",13,0
2023,11,"ISSIMA","SAETTA",12,0
2023,11,"EVO","EVO 3",11,0
2023,11,"EAGLE BUS","JET-SH6-21",10,0
2023,11,"MERCEDES","EQT",10,0
2023,12,"TESLA","MODEL Y",8587,12.9
2023,12,"TESLA","MODEL 3",7385,11.1
2023,12,"FIAT","500",4749,7.1
2023,12,"SMART","FORTWO",4639,7
2023,12,"DACIA","SPRING",2267,3.4
2023,12,"AUDI","Q4",2147,3.2
2023,12,"RENAULT","MEGANE",2109,3.2
2023,12,"PEUGEOT","208",2045,3.1
2023,12,"MG","MG4",2033,3
2023,12,"RENAULT","TWINGO",1697,2.5
2023,12,"VOLKSWAGEN","ID.3",1644,2.5
2023,12,"JEEP","AVENGER",1496,2.2
2023,12,"OPEL","CORSA",1493,2.2
2023,12,"BMW","IX1",1384,2.1
2023,12,"FORD","MUSTANG MK-E",1156,1.7
2023,12,"VOLKSWAGEN","ID.4",1097,1.6
2023,12,"MERCEDES","EQA",1091,1.6
2023,12,"MINI","MINI",1059,1.6
2023,12,"CUPRA","BORN",1011,1.5
2023,12,"HYUNDAI","KONA",947,1.4
2023,12,"PEUGEOT","2008",903,1.4
2023,12,"POLESTAR","POLESTAR 2",838,1.3
2023,12,"OPEL","MOKKA",800,1.2
2023,12,"BMW","I4",784,1.2
2023,12,"VOLKSWAGEN","ID.5",696,1
2023,12,"SMART","#1",687,1
2023,12,"CITROEN","C4",646,1
2023,12,"VOLVO","XC40",639,1
2023,12,"PORSCHE","TAYCAN",586,0.9
2023,12,"MERCEDES","EQB",554,0.8
2023,12,"SKODA","ENYAQ",535,0.8
2023,12,"BMW","IX",497,0.7
2023,12,"RENAULT","ZOE",491,0.7
2023,12,"DR","EQ1",490,0.7
2023,12,"TESLA","MODEL S",401,0.6
2023,12,"FIAT","600",368,0.6
2023,12,"MG","MARVEL R",365,0.5
2023,12,"VOLVO","C40",364,0.5
2023,12,"NISSAN","LEAF",344,0.5
2023,12,"AUDI","Q8",330,0.5
2023,12,"VOLKSWAGEN","ID BUZZ",320,0.5
2023,12,"BMW","IX3",312,0.5
2023,12,"TESLA","MODEL X",260,0.4
2023,12,"CITROEN","C4 X",243,0.4
2023,12,"KIA","EV6",226,0.3
2023,12,"MERCEDES","EQE",224,0.3
2023,12,"MG","ZS",211,0.3
2023,12,"KIA","NIRO",195,0.3
2023,12,"ABARTH","500",185,0.3
2023,12,"NISSAN","ARIYA",169,0.3
2023,12,"TOYOTA","PROACE CITY",169,0.3
2023,12,"FIAT","DOBLO",167,0.3
2023,12,"BYD","ATTO 3",155,0.2
2023,12,"MAZDA","MX-30",155,0.2
2023,12,"MERCEDES","EQE SUV",153,0.2
2023,12,"HYUNDAI","IONIQ 5",142,0.2
2023,12,"VOLVO","EX30",114,0.2
2023,12,"DS","DS3",112,0.2
2023,12,"AUDI","E-TRON GT",102,0.2
2023,12,"KIA","EV9",93,0.1
2023,12,"CITROEN","BERLINGO",89,0.1
2023,12,"PEUGEOT","308",89,0.1
2023,12,"MG","MG5",86,0.1
2023,12,"HYUNDAI","IONIQ 6",85,0.1
2023,12,"MERCEDES","EQS SUV",78,0.1
2023,12,"BMW","I5",76,0.1
2023,12,"TOYOTA","BZ4X",76,0.1
2023,12,"CITROEN","SPACETOURER",70,0.1
2023,12,"MERCEDES","EQS",67,0.1
2023,12,"TOYOTA","PROACE VERSO",64,0.1
2023,12,"FIAT","ULYSSE",49,0.1
2023,12,"HONDA","E:NY1",47,0.1
2023,12,"OPEL","ASTRA",45,0.1
2023,12,"BMW","I7",42,0.1
2023,12,"RENAULT","KANGOO",41,0.1
2023,12,"JAGUAR","I-PACE",40,0.1
2023,12,"LEXUS","RZ",40,0.1
2023,12,"MERCEDES","EQV",40,0.1
2023,12,"OPEL","COMBO",39,0.1
2023,12,"MERCEDES","EQC",35,0.1
2023,12,"LOTUS","ELETRE",32,0
2023,12,"SUBARU","SOLTERRA",32,0
2023,12,"BYD","DOLPHIN",31,0
2023,12,"MELEX","378",31,0
2023,12,"AUDI","E-TRON",30,0
2023,12,"AIWAYS","U5",23,0
2023,12,"BYD","HAN",23,0
2023,12,"HONDA","E",23,0
2023,12,"MELEX","N.CAR",20,0
2023,12,"MERCEDES","EQT",19,0
2023,12,"PEUGEOT","RIFTER",19,0
2023,12,"SERES","3",18,0
2023,12,"PEUGEOT","TRAVELLER",16,0
2023,12,"OPEL","ZAFIRA LIFE",15,0
2023,12,"ISSIMA","SAETTA",12,0
2023,12,"EVO","EVO 3",11,0
2024,1,"JEEP","AVENGER",327,11
2024,1,"TESLA","MODEL Y",306,10.3
2024,1,"FIAT","500",234,7.8
2024,1,"DACIA","SPRING",174,5.8
2024,1,"SMART","FORTWO",151,5.1
2024,1,"PEUGEOT","208",119,4
2024,1,"TESLA","MODEL 3",84,2.8
2024,1,"SMART","#1",83,2.8
2024,1,"AUDI","Q4",75,2.5
2024,1,"BMW","IX1",75,2.5
2024,1,"FIAT","600",74,2.5
2024,1,"FORD","MUSTANG MK-E",62,2.1
2024,1,"VOLKSWAGEN","ID.3",57,1.9
2024,1,"CITROEN","C4",54,1.8
2024,1,"OPEL","CORSA",49,1.6
2024,1,"OPEL","MOKKA",47,1.6
2024,1,"MG","MG4",43,1.4
2024,1,"PEUGEOT","2008",43,1.4
2024,1,"DR","EQ1",42,1.4
2024,1,"RENAULT","TWINGO",40,1.3
2024,1,"BMW","IX",39,1.3
2024,1,"VOLVO","EX30",39,1.3
2024,1,"MERCEDES","EQA",37,1.2
2024,1,"AUDI","Q8",36,1.2
2024,1,"NISSAN","LEAF",36,1.2
2024,1,"HYUNDAI","KONA",35,1.2
2024,1,"KIA","EV6",32,1.1
2024,1,"VOLVO","XC40",32,1.1
2024,1,"SKODA","ENYAQ",30,1
2024,1,"RENAULT","MEGANE",29,1
2024,1,"BMW","I4",28,0.9
2024,1,"NISSAN","ARIYA",26,0.9
2024,1,"VOLVO","C40",26,0.9
2024,1,"BYD","DOLPHIN",25,0.8
2024,1,"SMART","#3",23,0.8
2024,1,"LOTUS","ELETRE",22,0.7
2024,1,"PORSCHE","TAYCAN",21,0.7
2024,1,"RENAULT","ZOE",21,0.7
2024,1,"BMW","IX2",20,0.7
2024,1,"CUPRA","BORN",20,0.7
2024,1,"PEUGEOT","308",19,0.6
2024,1,"BYD","ATTO 3",18,0.6
2024,1,"AUDI","E-TRON GT",13,0.4
2024,1,"HYUNDAI","IONIQ 6",12,0.4
2024,1,"MERCEDES","EQB",12,0.4
2024,1,"KIA","EV9",11,0.4
2024,1,"MELEX","378",11,0.4
2024,1,"MERCEDES","EQE SUV",11,0.4
2024,1,"MINI","MINI",11,0.4
2024,1,"CITROEN","C4 X",10,0.3
2024,1,"HYUNDAI","IONIQ 5",10,0.3
2024,2,"TESLA","MODEL Y",1558,19.4
2024,2,"TESLA","MODEL 3",670,8.3
2024,2,"JEEP","AVENGER",511,6.4
2024,2,"FIAT","500",479,6
2024,2,"VOLKSWAGEN","ID.3",422,5.3
2024,2,"PEUGEOT","208",293,3.6
2024,2,"BMW","IX1",286,3.6
2024,2,"SMART","FORTWO",271,3.4
2024,2,"DACIA","SPRING",264,3.3
2024,2,"VOLVO","EX30",240,3
2024,2,"AUDI","Q4",178,2.2
2024,2,"FIAT","600",156,1.9
2024,2,"FORD","MUSTANG MK-E",150,1.9
2024,2,"RENAULT","TWINGO",148,1.8
2024,2,"MG","MG4",144,1.8
2024,2,"SMART","#1",140,1.7
2024,2,"SKODA","ENYAQ",116,1.4
2024,2,"CITROEN","C4",106,1.3
2024,2,"MERCEDES","EQA",91,1.1
2024,2,"BMW","IX2",86,1.1
2024,2,"OPEL","CORSA",82,1
2024,2,"AUDI","Q8",81,1
2024,2,"CUPRA","BORN",71,0.9
2024,2,"NISSAN","LEAF",71,0.9
2024,2,"BMW","IX",70,0.9
2024,2,"PEUGEOT","2008",70,0.9
2024,2,"BMW","I4",69,0.9
2024,2,"OPEL","MOKKA",62,0.8
2024,2,"RENAULT","MEGANE",62,0.8
2024,2,"DR","EQ1",58,0.7
2024,2,"SMART","#3",56,0.7
2024,2,"VOLVO","XC40",56,0.7
2024,2,"HYUNDAI","KONA",52,0.6
2024,2,"KIA","EV6",49,0.6
2024,2,"BYD","DOLPHIN",42,0.5
2024,2,"VOLVO","C40",42,0.5
2024,2,"LOTUS","ELETRE",38,0.5
2024,2,"NISSAN","ARIYA",37,0.5
2024,2,"VOLKSWAGEN","ID BUZZ",36,0.4
2024,2,"BYD","ATTO 3",35,0.4
2024,2,"PEUGEOT","308",32,0.4
2024,2,"RENAULT","ZOE",32,0.4
2024,2,"AUDI","E-TRON GT",31,0.4
2024,2,"MERCEDES","EQB",29,0.4
2024,2,"PORSCHE","TAYCAN",28,0.3
2024,2,"CITROEN","C4 X",25,0.3
2024,2,"BMW","I5",24,0.3
2024,2,"KIA","EV9",23,0.3
2024,2,"MERCEDES","EQE SUV",23,0.3
2024,2,"BMW","IX3",22,0.3
2024,2,"TESLA","MODEL X",18,0.2
2024,2,"HYUNDAI","IONIQ 6",17,0.2
2024,2,"VOLKSWAGEN","ID.4",17,0.2
2024,2,"HYUNDAI","IONIQ 5",16,0.2
2024,2,"MELEX","378",15,0.2
2024,2,"VOLKSWAGEN","ID.5",15,0.2
2024,2,"ABARTH","500",14,0.2
2024,2,"MINI","MINI",14,0.2
2024,2,"BYD","SEAL",11,0.1
2024,2,"MERCEDES","EQE",11,0.1
2024,2,"POLESTAR","POLESTAR 2",11,0.1
2024,2,"TOYOTA","BZ4X",11,0.1
2024,3,"TESLA","MODEL Y",2345,17.5
2024,3,"TESLA","MODEL 3",1279,9.5
2024,3,"JEEP","AVENGER",666,5
2024,3,"VOLKSWAGEN","ID.3",648,4.8
2024,3,"FIAT","500",614,4.6
2024,3,"VOLVO","EX30",607,4.5
2024,3,"SMART","FORTWO",580,4.3
2024,3,"BMW","IX1",547,4.1
2024,3,"AUDI","Q4",437,3.3
2024,3,"PEUGEOT","208",389,2.9
2024,3,"MERCEDES","EQA",295,2.2
2024,3,"DACIA","SPRING",285,2.1
2024,3,"RENAULT","TWINGO",276,2.1
2024,3,"MG","MG4",275,2.1
2024,3,"FORD","MUSTANG MK-E",256,1.9
2024,3,"FIAT","600",208,1.6
2024,3,"SMART","#1",198,1.5
2024,3,"AUDI","Q8",166,1.2
2024,3,"OPEL","CORSA",163,1.2
2024,3,"CITROEN","C4",158,1.2
2024,3,"SKODA","ENYAQ",145,1.1
2024,3,"CUPRA","BORN",142,1.1
2024,3,"MERCEDES","EQB",128,1
2024,3,"BMW","I4",124,0.9
2024,3,"BMW","IX",121,0.9
2024,3,"BMW","IX2",114,0.9
2024,3,"SMART","#3",103,0.8
2024,3,"PEUGEOT","2008",100,0.7
2024,3,"HYUNDAI","KONA",95,0.7
2024,3,"NISSAN","LEAF",95,0.7
2024,3,"RENAULT","MEGANE",95,0.7
2024,3,"BYD","ATTO 3",80,0.6
2024,3,"VOLVO","C40",80,0.6
2024,3,"VOLVO","XC40",77,0.6
2024,3,"OPEL","MOKKA",76,0.6
2024,3,"DR","EQ1",67,0.5
2024,3,"KIA","EV6",61,0.5
2024,3,"LOTUS","ELETRE",59,0.4
2024,3,"NISSAN","ARIYA",56,0.4
2024,3,"BYD","DOLPHIN",54,0.4
2024,3,"MERCEDES","EQE SUV",54,0.4
2024,3,"TESLA","MODEL X",54,0.4
2024,3,"VOLKSWAGEN","ID BUZZ",53,0.4
2024,3,"VOLKSWAGEN","ID.4",49,0.4
2024,3,"AUDI","E-TRON GT",44,0.3
2024,3,"RENAULT","ZOE",44,0.3
2024,3,"TESLA","MODEL S",43,0.3
2024,3,"BMW","I5",42,0.3
2024,3,"CITROEN","C4 X",40,0.3
2024,3,"TOYOTA","PROACE VERSO",39,0.3
2024,3,"MERCEDES","EQE",38,0.3
2024,3,"PEUGEOT","308",38,0.3
2024,3,"POLESTAR","POLESTAR 2",37,0.3
2024,3,"HYUNDAI","IONIQ 6",35,0.3
2024,3,"KIA","EV9",35,0.3
2024,3,"PORSCHE","TAYCAN",35,0.3
2024,3,"VOLKSWAGEN","ID.5",34,0.3
2024,3,"BMW","IX3",31,0.2
2024,3,"MINI","MINI",29,0.2
2024,3,"BYD","SEAL",24,0.2
2024,3,"MINI","COUNTRYMAN",22,0.2
2024,3,"ABARTH","500",21,0.2
2024,3,"MELEX","378",21,0.2
2024,3,"HYUNDAI","IONIQ 5",19,0.1
2024,3,"MERCEDES","EQS SUV",19,0.1
2024,3,"TOYOTA","BZ4X",16,0.1
2024,3,"KIA","NIRO",14,0.1
2024,3,"MG","MARVEL R",14,0.1
2024,3,"VOLKSWAGEN","ID.7",14,0.1
2024,3,"MELEX","N.CAR",11,0.1
2024,3,"RENAULT","SCENIC",11,0.1
2024,3,"SUBARU","SOLTERRA",11,0.1
2024,3,"CITROEN","SPACETOURER",10,0.1
2024,4,"TESLA","MODEL Y",2582,15.5
2024,4,"TESLA","MODEL 3",1380,8.3
2024,4,"JEEP","AVENGER",857,5.2
2024,4,"VOLVO","EX30",815,4.9
2024,4,"SMART","FORTWO",763,4.6
2024,4,"VOLKSWAGEN","ID.3",735,4.4
2024,4,"FIAT","500",716,4.3
2024,4,"BMW","IX1",704,4.2
2024,4,"AUDI","Q4",575,3.5
2024,4,"PEUGEOT","208",430,2.6
2024,4,"MERCEDES","EQA",423,2.5
2024,4,"MG","MG4",365,2.2
2024,4,"RENAULT","TWINGO",358,2.2
2024,4,"FORD","MUSTANG MK-E",336,2
2024,4,"DACIA","SPRING",292,1.8
2024,4,"SMART","#1",264,1.6
2024,4,"FIAT","600",249,1.5
2024,4,"CITROEN","C4",219,1.3
2024,4,"MERCEDES","EQB",219,1.3
2024,4,"OPEL","CORSA",201,1.2
2024,4,"BMW","I4",198,1.2
2024,4,"AUDI","Q8",195,1.2
2024,4,"CUPRA","BORN",166,1
2024,4,"BMW","IX",153,0.9
2024,4,"SKODA","ENYAQ",153,0.9
2024,4,"SMART","#3",152,0.9
2024,4,"BMW","IX2",142,0.9
2024,4,"RENAULT","MEGANE",125,0.8
2024,4,"PEUGEOT","2008",122,0.7
2024,4,"MINI","COUNTRYMAN",110,0.7
2024,4,"VOLVO","C40",109,0.7
2024,4,"VOLVO","XC40",106,0.6
2024,4,"HYUNDAI","KONA",105,0.6
2024,4,"VOLKSWAGEN","ID.4",104,0.6
2024,4,"NISSAN","LEAF",103,0.6
2024,4,"TOYOTA","BZ4X",102,0.6
2024,4,"OPEL","MOKKA",97,0.6
2024,4,"BYD","ATTO 3",90,0.5
2024,4,"MERCEDES","EQE SUV",81,0.5
2024,4,"DR","EQ1",80,0.5
2024,4,"LOTUS","ELETRE",80,0.5
2024,4,"VOLKSWAGEN","ID BUZZ",76,0.5
2024,4,"PEUGEOT","3008",75,0.5
2024,4,"NISSAN","ARIYA",72,0.4
2024,4,"KIA","EV6",71,0.4
2024,4,"RENAULT","ZOE",65,0.4
2024,4,"BMW","I5",62,0.4
2024,4,"VOLKSWAGEN","ID.5",57,0.3
2024,4,"TESLA","MODEL X",56,0.3
2024,4,"BYD","DOLPHIN",55,0.3
2024,4,"AUDI","E-TRON GT",51,0.3
2024,4,"PORSCHE","TAYCAN",51,0.3
2024,4,"MERCEDES","EQE",50,0.3
2024,4,"POLESTAR","POLESTAR 2",48,0.3
2024,4,"TESLA","MODEL S",48,0.3
2024,4,"HYUNDAI","IONIQ 6",47,0.3
2024,4,"CITROEN","C4 X",46,0.3
2024,4,"KIA","EV9",44,0.3
2024,4,"TOYOTA","PROACE VERSO",41,0.2
2024,4,"PEUGEOT","308",40,0.2
2024,4,"BMW","IX3",36,0.2
2024,4,"BYD","SEAL",30,0.2
2024,4,"MINI","MINI",29,0.2
2024,4,"ABARTH","500",27,0.2
2024,4,"MERCEDES","EQS SUV",25,0.2
2024,4,"HYUNDAI","IONIQ 5",24,0.1
2024,4,"MELEX","378",22,0.1
2024,4,"KIA","NIRO",18,0.1
2024,4,"MG","ZS",17,0.1
2024,4,"MASERATI","GRECALE",16,0.1
2024,4,"MG","MARVEL R",16,0.1
2024,4,"MELEX","N.CAR",15,0.1
2024,4,"SUBARU","SOLTERRA",15,0.1
2024,4,"VOLKSWAGEN","ID.7",14,0.1
2024,4,"BMW","I7",13,0.1
2024,4,"JAGUAR","I-PACE",13,0.1
2024,4,"MERCEDES","EQV",13,0.1
2024,4,"RENAULT","SCENIC",13,0.1
2024,4,"FIAT","DOBLO",12,0.1
2024,4,"MAZDA","MX-30",12,0.1
2024,4,"MERCEDES","EQS",12,0.1
2024,4,"BYD","SEAL U",10,0.1
2024,5,"TESLA","MODEL Y",2960,13.7
2024,5,"TESLA","MODEL 3",2062,9.5
2024,5,"JEEP","AVENGER",1036,4.8
2024,5,"VOLVO","EX30",998,4.6
2024,5,"SMART","FORTWO",935,4.3
2024,5,"BMW","IX1",934,4.3
2024,5,"FIAT","500",873,4
2024,5,"VOLKSWAGEN","ID.3",842,3.9
2024,5,"AUDI","Q4",830,3.8
2024,5,"RENAULT","TWINGO",622,2.9
2024,5,"MG","MG4",609,2.8
2024,5,"MERCEDES","EQA",526,2.4
2024,5,"PEUGEOT","208",483,2.2
2024,5,"FIAT","600",455,2.1
2024,5,"FORD","MUSTANG MK-E",412,1.9
2024,5,"SMART","#1",332,1.5
2024,5,"DACIA","SPRING",312,1.4
2024,5,"CITROEN","C4",265,1.2
2024,5,"MERCEDES","EQB",255,1.2
2024,5,"BMW","I4",239,1.1
2024,5,"AUDI","Q8",238,1.1
2024,5,"OPEL","CORSA",225,1
2024,5,"CUPRA","BORN",224,1
2024,5,"PEUGEOT","2008",224,1
2024,5,"RENAULT","SCENIC",214,1
2024,5,"RENAULT","MEGANE",202,0.9
2024,5,"SMART","#3",190,0.9
2024,5,"BMW","IX",175,0.8
2024,5,"BMW","IX2",172,0.8
2024,5,"SKODA","ENYAQ",162,0.7
2024,5,"VOLKSWAGEN","ID BUZZ",161,0.7
2024,5,"VOLKSWAGEN","ID.4",150,0.7
2024,5,"MINI","COUNTRYMAN",135,0.6
2024,5,"VOLVO","XC40",135,0.6
2024,5,"VOLVO","C40",131,0.6
2024,5,"PEUGEOT","3008",125,0.6
2024,5,"OPEL","MOKKA",122,0.6
2024,5,"BYD","ATTO 3",121,0.6
2024,5,"TOYOTA","BZ4X",121,0.6
2024,5,"NISSAN","LEAF",120,0.6
2024,5,"BMW","I5",115,0.5
2024,5,"HYUNDAI","KONA",115,0.5
2024,5,"DR","EQ1",111,0.5
2024,5,"LOTUS","ELETRE",101,0.5
2024,5,"NISSAN","ARIYA",97,0.4
2024,5,"MERCEDES","EQE SUV",94,0.4
2024,5,"MINI","MINI",89,0.4
2024,5,"PORSCHE","TAYCAN",88,0.4
2024,5,"RENAULT","ZOE",84,0.4
2024,5,"KIA","EV6",77,0.4
2024,5,"CITROEN","C4 X",76,0.4
2024,5,"VOLKSWAGEN","ID.5",75,0.3
2024,5,"LANCIA","YPSILON",74,0.3
2024,5,"POLESTAR","POLESTAR 2",70,0.3
2024,5,"TESLA","MODEL X",65,0.3
2024,5,"MERCEDES","EQE",59,0.3
2024,5,"BYD","DOLPHIN",58,0.3
2024,5,"AUDI","E-TRON GT",53,0.2
2024,5,"TESLA","MODEL S",52,0.2
2024,5,"HYUNDAI","IONIQ 6",51,0.2
2024,5,"KIA","EV9",51,0.2
2024,5,"PEUGEOT","308",47,0.2
2024,5,"BYD","SEAL",46,0.2
2024,5,"TOYOTA","PROACE VERSO",45,0.2
2024,5,"BMW","IX3",44,0.2
2024,5,"ABARTH","500",36,0.2
2024,5,"MELEX","378",29,0.1
2024,5,"MERCEDES","EQS SUV",29,0.1
2024,5,"KIA","NIRO",28,0.1
2024,5,"HYUNDAI","IONIQ 5",26,0.1
2024,5,"MG","ZS",26,0.1
2024,5,"MERCEDES","EQT",23,0.1
2024,5,"MG","MARVEL R",23,0.1
2024,5,"MASERATI","GRECALE",21,0.1
2024,5,"MELEX","N.CAR",21,0.1
2024,5,"JAGUAR","I-PACE",17,0.1
2024,5,"SUBARU","SOLTERRA",17,0.1
2024,5,"VOLKSWAGEN","ID.7",15,0.1
2024,5,"FIAT","DOBLO",14,0.1
2024,5,"MAZDA","MX-30",14,0.1
2024,5,"MERCEDES","EQS",14,0.1
2024,5,"MERCEDES","EQV",14,0.1
2024,5,"BMW","I7",13,0.1
2024,5,"MASERATI","GRANTURISMO",11,0.1
2024,5,"RENAULT","KANGOO",11,0.1
2024,5,"BYD","SEAL U",10,0
2024,6,"TESLA","MODEL 3",5344,15.2
2024,6,"TESLA","MODEL Y",4659,13.3
2024,6,"JEEP","AVENGER",1704,4.9
2024,6,"SMART","FORTWO",1510,4.3
2024,6,"VOLVO","EX30",1496,4.3
2024,6,"FIAT","500",1450,4.1
2024,6,"RENAULT","TWINGO",1375,3.9
2024,6,"BMW","IX1",1285,3.7
2024,6,"AUDI","Q4",1206,3.4
2024,6,"MG","MG4",1196,3.4
2024,6,"DACIA","SPRING",1190,3.4
2024,6,"VOLKSWAGEN","ID.3",989,2.8
2024,6,"MERCEDES","EQA",734,2.1
2024,6,"PEUGEOT","208",676,1.9
2024,6,"FIAT","600",556,1.6
2024,6,"FORD","MUSTANG MK-E",531,1.5
2024,6,"PEUGEOT","2008",443,1.3
2024,6,"RENAULT","MEGANE",436,1.2
2024,6,"SMART","#1",414,1.2
2024,6,"MERCEDES","EQB",323,0.9
2024,6,"CUPRA","BORN",322,0.9
2024,6,"CITROEN","C4",317,0.9
2024,6,"OPEL","CORSA",285,0.8
2024,6,"RENAULT","SCENIC",280,0.8
2024,6,"AUDI","Q8",277,0.8
2024,6,"BMW","I4",266,0.8
2024,6,"SMART","#3",239,0.7
2024,6,"VOLKSWAGEN","ID BUZZ",222,0.6
2024,6,"VOLKSWAGEN","ID.4",214,0.6
2024,6,"DR","EQ1",209,0.6
2024,6,"BMW","IX",201,0.6
2024,6,"BMW","IX2",196,0.6
2024,6,"PEUGEOT","3008",187,0.5
2024,6,"BYD","ATTO 3",179,0.5
2024,6,"HYUNDAI","KONA",173,0.5
2024,6,"NISSAN","LEAF",169,0.5
2024,6,"SKODA","ENYAQ",169,0.5
2024,6,"LANCIA","YPSILON",162,0.5
2024,6,"MINI","MINI",156,0.4
2024,6,"MINI","COUNTRYMAN",155,0.4
2024,6,"NISSAN","ARIYA",155,0.4
2024,6,"VOLVO","XC40",152,0.4
2024,6,"OPEL","MOKKA",139,0.4
2024,6,"BMW","I5",138,0.4
2024,6,"TOYOTA","BZ4X",138,0.4
2024,6,"VOLVO","C40",133,0.4
2024,6,"LOTUS","ELETRE",129,0.4
2024,6,"MERCEDES","EQE SUV",129,0.4
2024,6,"RENAULT","ZOE",117,0.3
2024,6,"BYD","DOLPHIN",115,0.3
2024,6,"PORSCHE","TAYCAN",113,0.3
2024,6,"ABARTH","500",94,0.3
2024,6,"POLESTAR","POLESTAR 2",92,0.3
2024,6,"CITROEN","C4 X",91,0.3
2024,6,"VOLKSWAGEN","ID.5",89,0.3
2024,6,"KIA","EV6",85,0.2
2024,6,"TESLA","MODEL X",72,0.2
2024,6,"BYD","SEAL",69,0.2
2024,6,"MERCEDES","EQE",68,0.2
2024,6,"KIA","EV9",63,0.2
2024,6,"PEUGEOT","308",63,0.2
2024,6,"TOYOTA","PROACE VERSO",62,0.2
2024,6,"HYUNDAI","IONIQ 6",61,0.2
2024,6,"AUDI","E-TRON GT",59,0.2
2024,6,"TESLA","MODEL S",57,0.2
2024,6,"MG","ZS",53,0.2
2024,6,"BMW","IX3",47,0.1
2024,6,"KIA","NIRO",46,0.1
2024,6,"MG","MARVEL R",38,0.1
2024,6,"MERCEDES","EQT",35,0.1
2024,6,"HYUNDAI","IONIQ 5",34,0.1
2024,6,"MELEX","378",34,0.1
2024,6,"MERCEDES","EQS SUV",33,0.1
2024,6,"MASERATI","GRECALE",26,0.1
2024,6,"MELEX","N.CAR",24,0.1
2024,6,"SUBARU","SOLTERRA",22,0.1
2024,6,"VOLKSWAGEN","ID.7",20,0.1
2024,6,"JAGUAR","I-PACE",18,0.1
2024,6,"MERCEDES","EQV",17,0
2024,6,"MERCEDES","EQS",16,0
2024,6,"RENAULT","KANGOO",16,0
2024,6,"FIAT","DOBLO",15,0
2024,6,"MAZDA","MX-30",15,0
2024,6,"BMW","I7",13,0
2024,6,"DS","DS3",13,0
2024,6,"OPEL","COMBO",13,0
2024,6,"LEXUS","UX",12,0
2024,6,"MASERATI","GRANTURISMO",12,0
2024,6,"CITROEN","BERLINGO",11,0
2024,6,"POLESTAR","POLESTAR 3",11,0
2024,6,"BYD","SEAL U",10,0
2024,6,"OPEL","ASTRA",10,0
2024,6,"VOLVO","EX40",10,0
2024,7,"TESLA","MODEL 3",5520,14
2024,7,"TESLA","MODEL Y",4938,12.5
2024,7,"VOLVO","EX30",1897,4.8
2024,7,"JEEP","AVENGER",1847,4.7
2024,7,"FIAT","500",1620,4.1
2024,7,"SMART","FORTWO",1516,3.8
2024,7,"BMW","IX1",1483,3.8
2024,7,"RENAULT","TWINGO",1483,3.8
2024,7,"MG","MG4",1448,3.7
2024,7,"AUDI","Q4",1321,3.4
2024,7,"DACIA","SPRING",1299,3.3
2024,7,"VOLKSWAGEN","ID.3",1087,2.8
2024,7,"MERCEDES","EQA",822,2.1
2024,7,"PEUGEOT","208",749,1.9
2024,7,"PEUGEOT","2008",646,1.6
2024,7,"FIAT","600",606,1.5
2024,7,"FORD","MUSTANG MK-E",560,1.4
2024,7,"SMART","#1",513,1.3
2024,7,"RENAULT","MEGANE",489,1.2
2024,7,"MERCEDES","EQB",358,0.9
2024,7,"CITROEN","C4",349,0.9
2024,7,"OPEL","CORSA",340,0.9
2024,7,"CUPRA","BORN",335,0.9
2024,7,"RENAULT","SCENIC",334,0.8
2024,7,"BMW","I4",311,0.8
2024,7,"NISSAN","LEAF",308,0.8
2024,7,"AUDI","Q8",301,0.8
2024,7,"PEUGEOT","3008",296,0.8
2024,7,"SMART","#3",276,0.7
2024,7,"VOLKSWAGEN","ID.4",269,0.7
2024,7,"BMW","IX2",259,0.7
2024,7,"BMW","IX",233,0.6
2024,7,"BYD","ATTO 3",233,0.6
2024,7,"DR","EQ1",231,0.6
2024,7,"VOLKSWAGEN","ID BUZZ",225,0.6
2024,7,"HYUNDAI","KONA",208,0.5
2024,7,"LANCIA","YPSILON",207,0.5
2024,7,"NISSAN","ARIYA",193,0.5
2024,7,"MINI","MINI",192,0.5
2024,7,"TOYOTA","BZ4X",185,0.5
2024,7,"BMW","I5",181,0.5
2024,7,"SKODA","ENYAQ",176,0.4
2024,7,"MINI","COUNTRYMAN",173,0.4
2024,7,"VOLVO","XC40",172,0.4
2024,7,"BYD","DOLPHIN",169,0.4
2024,7,"MERCEDES","EQE SUV",160,0.4
2024,7,"BYD","SEAL",152,0.4
2024,7,"OPEL","MOKKA",150,0.4
2024,7,"LOTUS","ELETRE",148,0.4
2024,7,"VOLVO","C40",140,0.4
2024,7,"PORSCHE","TAYCAN",136,0.3
2024,7,"RENAULT","ZOE",130,0.3
2024,7,"CITROEN","C4 X",107,0.3
2024,7,"ABARTH","500",106,0.3
2024,7,"KIA","EV6",103,0.3
2024,7,"POLESTAR","POLESTAR 2",100,0.3
2024,7,"VOLKSWAGEN","ID.5",95,0.2
2024,7,"KIA","NIRO",85,0.2
2024,7,"TESLA","MODEL X",84,0.2
2024,7,"KIA","EV9",80,0.2
2024,7,"MERCEDES","EQE",72,0.2
2024,7,"HYUNDAI","IONIQ 6",71,0.2
2024,7,"PEUGEOT","308",67,0.2
2024,7,"AUDI","E-TRON GT",66,0.2
2024,7,"MG","ZS",64,0.2
2024,7,"TESLA","MODEL S",64,0.2
2024,7,"TOYOTA","PROACE VERSO",64,0.2
2024,7,"BMW","IX3",52,0.1
2024,7,"HYUNDAI","IONIQ 5",46,0.1
2024,7,"MELEX","378",41,0.1
2024,7,"MG","MARVEL R",41,0.1
2024,7,"MERCEDES","EQT",39,0.1
2024,7,"MG","MG5",39,0.1
2024,7,"MERCEDES","EQS SUV",35,0.1
2024,7,"MELEX","N.CAR",31,0.1
2024,7,"MERCEDES","EQV",29,0.1
2024,7,"MASERATI","GRECALE",28,0.1
2024,7,"VOLKSWAGEN","ID.7",25,0.1
2024,7,"RENAULT","KANGOO",24,0.1
2024,7,"SUBARU","SOLTERRA",22,0.1
2024,7,"DS","DS3",19,0
2024,7,"MERCEDES","EQS",19,0
2024,7,"JAGUAR","I-PACE",18,0
2024,7,"BYD","SEAL U",17,0
2024,7,"CITROEN","BERLINGO",17,0
2024,7,"VOLVO","EX40",17,0
2024,7,"FIAT","DOBLO",15,0
2024,7,"MAZDA","MX-30",15,0
2024,7,"BMW","I7",14,0
2024,7,"LEXUS","UX",14,0
2024,7,"POLESTAR","POLESTAR 3",14,0
2024,7,"MASERATI","GRANTURISMO",13,0
2024,7,"OPEL","ASTRA",13,0
2024,7,"OPEL","COMBO",13,0
2024,7,"TOYOTA","PROACE CITY",11,0
2024,8,"TESLA","MODEL 3",5570,13.3
2024,8,"TESLA","MODEL Y",5320,12.7
2024,8,"VOLVO","EX30",2160,5.1
2024,8,"JEEP","AVENGER",1916,4.6
2024,8,"FIAT","500",1689,4
2024,8,"BMW","IX1",1638,3.9
2024,8,"MG","MG4",1554,3.7
2024,8,"SMART","FORTWO",1516,3.6
2024,8,"RENAULT","TWINGO",1496,3.6
2024,8,"AUDI","Q4",1371,3.3
2024,8,"DACIA","SPRING",1307,3.1
2024,8,"VOLKSWAGEN","ID.3",1211,2.9
2024,8,"MERCEDES","EQA",863,2.1
2024,8,"PEUGEOT","208",820,2
2024,8,"PEUGEOT","2008",741,1.8
2024,8,"FIAT","600",645,1.5
2024,8,"FORD","MUSTANG MK-E",588,1.4
2024,8,"SMART","#1",544,1.3
2024,8,"RENAULT","MEGANE",504,1.2
2024,8,"MERCEDES","EQB",365,0.9
2024,8,"OPEL","CORSA",365,0.9
2024,8,"NISSAN","LEAF",361,0.9
2024,8,"PEUGEOT","3008",361,0.9
2024,8,"CITROEN","C4",359,0.9
2024,8,"RENAULT","SCENIC",356,0.8
2024,8,"CUPRA","BORN",341,0.8
2024,8,"BMW","I4",335,0.8
2024,8,"AUDI","Q8",323,0.8
2024,8,"SMART","#3",297,0.7
2024,8,"VOLKSWAGEN","ID.4",296,0.7
2024,8,"BYD","ATTO 3",295,0.7
2024,8,"BMW","IX2",285,0.7
2024,8,"DR","EQ1",275,0.7
2024,8,"BMW","IX",249,0.6
2024,8,"BYD","SEAL",243,0.6
2024,8,"LANCIA","YPSILON",231,0.6
2024,8,"VOLKSWAGEN","ID BUZZ",225,0.5
2024,8,"HYUNDAI","KONA",221,0.5
2024,8,"MINI","MINI",216,0.5
2024,8,"BYD","DOLPHIN",214,0.5
2024,8,"NISSAN","ARIYA",207,0.5
2024,8,"TOYOTA","BZ4X",192,0.5
2024,8,"BMW","I5",188,0.4
2024,8,"SKODA","ENYAQ",185,0.4
2024,8,"MINI","COUNTRYMAN",184,0.4
2024,8,"VOLVO","XC40",184,0.4
2024,8,"MERCEDES","EQE SUV",164,0.4
2024,8,"LOTUS","ELETRE",155,0.4
2024,8,"PORSCHE","TAYCAN",155,0.4
2024,8,"OPEL","MOKKA",154,0.4
2024,8,"VOLVO","C40",148,0.4
2024,8,"RENAULT","ZOE",133,0.3
2024,8,"VOLKSWAGEN","ID.5",112,0.3
2024,8,"ABARTH","500",110,0.3
2024,8,"KIA","EV6",109,0.3
2024,8,"CITROEN","C4 X",108,0.3
2024,8,"POLESTAR","POLESTAR 2",106,0.3
2024,8,"FORD","EXPLORER",96,0.2
2024,8,"KIA","NIRO",91,0.2
2024,8,"TESLA","MODEL X",87,0.2
2024,8,"KIA","EV9",82,0.2
2024,8,"HYUNDAI","IONIQ 6",75,0.2
2024,8,"MERCEDES","EQE",75,0.2
2024,8,"AUDI","E-TRON GT",72,0.2
2024,8,"PEUGEOT","308",71,0.2
2024,8,"TESLA","MODEL S",71,0.2
2024,8,"MG","ZS",64,0.2
2024,8,"TOYOTA","PROACE VERSO",64,0.2
2024,8,"BMW","IX3",52,0.1
2024,8,"HYUNDAI","IONIQ 5",47,0.1
2024,8,"MG","MARVEL R",44,0.1
2024,8,"MERCEDES","EQS SUV",42,0.1
2024,8,"MELEX","378",41,0.1
2024,8,"MERCEDES","EQT",39,0.1
2024,8,"MG","MG5",39,0.1
2024,8,"MELEX","N.CAR",33,0.1
2024,8,"MERCEDES","EQV",32,0.1
2024,8,"POLESTAR","POLESTAR 4",31,0.1
2024,8,"VOLKSWAGEN","ID.7",31,0.1
2024,8,"MASERATI","GRECALE",29,0.1
2024,8,"RENAULT","KANGOO",24,0.1
2024,8,"ALFA ROMEO","JUNIOR",23,0.1
2024,8,"CITROEN","BERLINGO",23,0.1
2024,8,"SUBARU","SOLTERRA",23,0.1
2024,8,"BYD","SEAL U",22,0.1
2024,8,"VOLVO","EX40",20,0
2024,8,"DS","DS3",19,0
2024,8,"MERCEDES","EQS",19,0
2024,8,"JAGUAR","I-PACE",18,0
2024,8,"BMW","I7",15,0
2024,8,"FIAT","DOBLO",15,0
2024,8,"MAZDA","MX-30",15,0
2024,8,"OPEL","ASTRA",15,0
2024,8,"POLESTAR","POLESTAR 3",15,0
2024,8,"LEXUS","UX",14,0
2024,8,"MASERATI","GRANTURISMO",14,0
2024,8,"TOYOTA","PROACE CITY",14,0
2024,8,"OPEL","COMBO",13,0
2024,9,"TESLA","MODEL 3",6854,14.2
2024,9,"TESLA","MODEL Y",5920,12.2
2024,9,"VOLVO","EX30",2578,5.3
2024,9,"JEEP","AVENGER",2106,4.3
2024,9,"BMW","IX1",1855,3.8
2024,9,"FIAT","500",1816,3.8
2024,9,"MG","MG4",1663,3.4
2024,9,"AUDI","Q4",1583,3.3
2024,9,"SMART","FORTWO",1516,3.1
2024,9,"RENAULT","TWINGO",1510,3.1
2024,9,"DACIA","SPRING",1398,2.9
2024,9,"VOLKSWAGEN","ID.3",1373,2.8
2024,9,"PEUGEOT","208",1194,2.5
2024,9,"MERCEDES","EQA",969,2
2024,9,"PEUGEOT","2008",862,1.8
2024,9,"FIAT","600",683,1.4
2024,9,"SMART","#1",610,1.3
2024,9,"FORD","MUSTANG MK-E",602,1.2
2024,9,"RENAULT","MEGANE",518,1.1
2024,9,"CUPRA","BORN",452,0.9
2024,9,"PEUGEOT","3008",408,0.8
2024,9,"MERCEDES","EQB",402,0.8
2024,9,"OPEL","CORSA",386,0.8
2024,9,"NISSAN","LEAF",382,0.8
2024,9,"RENAULT","SCENIC",380,0.8
2024,9,"CITROEN","C4",370,0.8
2024,9,"BMW","I4",369,0.8
2024,9,"DR","EQ1",367,0.8
2024,9,"VOLKSWAGEN","ID.4",363,0.7
2024,9,"AUDI","Q8",341,0.7
2024,9,"BYD","ATTO 3",324,0.7
2024,9,"SMART","#3",324,0.7
2024,9,"BMW","IX2",317,0.7
2024,9,"FORD","EXPLORER",315,0.7
2024,9,"BYD","SEAL",292,0.6
2024,9,"BMW","IX",271,0.6
2024,9,"LANCIA","YPSILON",257,0.5
2024,9,"MINI","MINI",252,0.5
2024,9,"BYD","DOLPHIN",249,0.5
2024,9,"HYUNDAI","KONA",248,0.5
2024,9,"MINI","COUNTRYMAN",228,0.5
2024,9,"NISSAN","ARIYA",227,0.5
2024,9,"VOLKSWAGEN","ID BUZZ",227,0.5
2024,9,"SKODA","ENYAQ",225,0.5
2024,9,"VOLVO","XC40",219,0.5
2024,9,"TOYOTA","BZ4X",210,0.4
2024,9,"MERCEDES","EQE SUV",209,0.4
2024,9,"PORSCHE","TAYCAN",206,0.4
2024,9,"BMW","I5",194,0.4
2024,9,"OPEL","MOKKA",180,0.4
2024,9,"VOLVO","C40",168,0.3
2024,9,"LOTUS","ELETRE",166,0.3
2024,9,"ALFA ROMEO","JUNIOR",148,0.3
2024,9,"RENAULT","ZOE",136,0.3
2024,9,"VOLKSWAGEN","ID.5",134,0.3
2024,9,"POLESTAR","POLESTAR 2",122,0.3
2024,9,"KIA","EV6",119,0.2
2024,9,"TESLA","MODEL X",119,0.2
2024,9,"ABARTH","500",117,0.2
2024,9,"VOLKSWAGEN","ID.7",111,0.2
2024,9,"CITROEN","C4 X",110,0.2
2024,9,"MINI","ACEMAN",108,0.2
2024,9,"PORSCHE","MACAN",108,0.2
2024,9,"TESLA","MODEL S",104,0.2
2024,9,"KIA","NIRO",96,0.2
2024,9,"KIA","EV9",90,0.2
2024,9,"AUDI","G6",89,0.2
2024,9,"MERCEDES","EQE",87,0.2
2024,9,"HYUNDAI","IONIQ 6",83,0.2
2024,9,"AUDI","E-TRON GT",78,0.2
2024,9,"PEUGEOT","308",75,0.2
2024,9,"CUPRA","TAVASCAN",74,0.2
2024,9,"MG","ZS",67,0.1
2024,9,"TOYOTA","PROACE VERSO",66,0.1
2024,9,"POLESTAR","POLESTAR 4",59,0.1
2024,9,"HYUNDAI","IONIQ 5",58,0.1
2024,9,"BMW","IX3",55,0.1
2024,9,"MERCEDES","EQS SUV",47,0.1
2024,9,"MG","MARVEL R",46,0.1
2024,9,"MELEX","378",44,0.1
2024,9,"MG","MG5",40,0.1
2024,9,"MERCEDES","EQT",39,0.1
2024,9,"VOLVO","EX40",38,0.1
2024,9,"MELEX","N.CAR",34,0.1
2024,9,"MERCEDES","EQV",33,0.1
2024,9,"AUDI","Q6",32,0.1
2024,9,"BYD","SEAL U",31,0.1
2024,9,"MASERATI","GRECALE",30,0.1
2024,9,"POLESTAR","POLESTAR 3",28,0.1
2024,9,"CITROEN","BERLINGO",27,0.1
2024,9,"PEUGEOT","5008",25,0.1
2024,9,"RENAULT","KANGOO",25,0.1
2024,9,"SUBARU","SOLTERRA",23,0
2024,9,"DS","DS3",21,0
2024,9,"LEAPMOTOR","C10",20,0
2024,9,"LEAPMOTOR","T03",20,0
2024,9,"MERCEDES","EQS",20,0
2024,9,"JAGUAR","I-PACE",19,0
2024,9,"BMW","I7",16,0
2024,9,"MAZDA","MX-30",16,0
2024,9,"OPEL","ASTRA",16,0
2024,9,"TOYOTA","PROACE CITY",16,0
2024,9,"FIAT","DOBLO",15,0
2024,9,"LEXUS","UX",15,0
2024,9,"MASERATI","GRANTURISMO",14,0
2024,9,"OPEL","COMBO",13,0
2024,9,"RENAULT","5",11,0
2024,10,"TESLA","MODEL 3",7066,13.2
2024,10,"TESLA","MODEL Y",6181,11.6
2024,10,"VOLVO","EX30",3028,5.7
2024,10,"JEEP","AVENGER",2302,4.3
2024,10,"BMW","IX1",2019,3.8
2024,10,"FIAT","500",1957,3.7
2024,10,"MG","MG4",1723,3.2
2024,10,"AUDI","Q4",1713,3.2
2024,10,"RENAULT","TWINGO",1524,2.8
2024,10,"SMART","FORTWO",1516,2.8
2024,10,"DACIA","SPRING",1464,2.7
2024,10,"VOLKSWAGEN","ID.3",1461,2.7
2024,10,"PEUGEOT","208",1443,2.7
2024,10,"MERCEDES","EQA",1113,2.1
2024,10,"PEUGEOT","2008",986,1.8
2024,10,"FIAT","600",784,1.5
2024,10,"SMART","#1",673,1.3
2024,10,"FORD","MUSTANG MK-E",627,1.2
2024,10,"RENAULT","MEGANE",539,1
2024,10,"CUPRA","BORN",491,0.9
2024,10,"PEUGEOT","3008",466,0.9
2024,10,"MERCEDES","EQB",462,0.9
2024,10,"DR","EQ1",450,0.8
2024,10,"OPEL","CORSA",442,0.8
2024,10,"PORSCHE","MACAN",424,0.8
2024,10,"VOLKSWAGEN","ID.4",419,0.8
2024,10,"CITROEN","C4",410,0.8
2024,10,"RENAULT","SCENIC",408,0.8
2024,10,"BMW","I4",406,0.8
2024,10,"FORD","EXPLORER",404,0.8
2024,10,"BYD","ATTO 3",387,0.7
2024,10,"NISSAN","LEAF",383,0.7
2024,10,"BMW","IX2",366,0.7
2024,10,"AUDI","Q8",363,0.7
2024,10,"BYD","SEAL",363,0.7
2024,10,"SMART","#3",349,0.7
2024,10,"BYD","DOLPHIN",327,0.6
2024,10,"MINI","MINI",311,0.6
2024,10,"BMW","IX",285,0.5
2024,10,"LANCIA","YPSILON",285,0.5
2024,10,"HYUNDAI","KONA",269,0.5
2024,10,"MINI","COUNTRYMAN",267,0.5
2024,10,"VOLVO","XC40",266,0.5
2024,10,"NISSAN","ARIYA",263,0.5
2024,10,"PORSCHE","TAYCAN",251,0.5
2024,10,"SKODA","ENYAQ",251,0.5
2024,10,"MERCEDES","EQE SUV",242,0.5
2024,10,"OPEL","MOKKA",242,0.5
2024,10,"RENAULT","5",231,0.4
2024,10,"VOLKSWAGEN","ID BUZZ",227,0.4
2024,10,"BMW","I5",220,0.4
2024,10,"TOYOTA","BZ4X",220,0.4
2024,10,"LOTUS","ELETRE",189,0.4
2024,10,"ALFA ROMEO","JUNIOR",179,0.3
2024,10,"CITROEN","C3",158,0.3
2024,10,"VOLKSWAGEN","ID.5",150,0.3
2024,10,"RENAULT","ZOE",139,0.3
2024,10,"AUDI","G6",132,0.2
2024,10,"KIA","EV6",128,0.2
2024,10,"POLESTAR","POLESTAR 2",127,0.2
2024,10,"TESLA","MODEL X",125,0.2
2024,10,"ABARTH","500",119,0.2
2024,10,"MINI","ACEMAN",115,0.2
2024,10,"VOLKSWAGEN","ID.7",115,0.2
2024,10,"CITROEN","C4 X",112,0.2
2024,10,"TESLA","MODEL S",109,0.2
2024,10,"KIA","NIRO",105,0.2
2024,10,"KIA","EV9",101,0.2
2024,10,"CUPRA","TAVASCAN",98,0.2
2024,10,"MERCEDES","EQE",96,0.2
2024,10,"VOLVO","EX40",94,0.2
2024,10,"VOLVO","C40",93,0.2
2024,10,"LEAPMOTOR","T03",91,0.2
2024,10,"HYUNDAI","IONIQ 6",84,0.2
2024,10,"AUDI","E-TRON GT",83,0.2
2024,10,"PEUGEOT","308",77,0.1
2024,10,"POLESTAR","POLESTAR 4",74,0.1
2024,10,"MG","ZS",73,0.1
2024,10,"TOYOTA","PROACE VERSO",67,0.1
2024,10,"BMW","IX3",63,0.1
2024,10,"HYUNDAI","IONIQ 5",61,0.1
2024,10,"AUDI","Q6",60,0.1
2024,10,"MERCEDES","EQS SUV",58,0.1
2024,10,"MAZDA","MX-30",55,0.1
2024,10,"LEAPMOTOR","C10",53,0.1
2024,10,"MG","MARVEL R",48,0.1
2024,10,"MELEX","378",47,0.1
2024,10,"MG","MG5",43,0.1
2024,10,"BYD","SEAL U",42,0.1
2024,10,"MERCEDES","EQT",39,0.1
2024,10,"MELEX","N.CAR",36,0.1
2024,10,"MERCEDES","EQV",36,0.1
2024,10,"MASERATI","GRECALE",33,0.1
2024,10,"POLESTAR","POLESTAR 3",33,0.1
2024,10,"PEUGEOT","5008",32,0.1
2024,10,"CITROEN","BERLINGO",30,0.1
2024,10,"MERCEDES","EQS",26,0
2024,10,"RENAULT","KANGOO",25,0
2024,10,"SUBARU","SOLTERRA",25,0
2024,10,"DS","DS3",23,0
2024,10,"KIA","EV3",23,0
2024,10,"BMW","I7",21,0
2024,10,"JAGUAR","I-PACE",19,0
2024,10,"OPEL","ASTRA",19,0
2024,10,"TOYOTA","PROACE CITY",18,0
2024,10,"LEXUS","UX",16,0
2024,10,"VOLVO","EC40",16,0
2024,10,"FIAT","DOBLO",15,0
2024,10,"MASERATI","GRANTURISMO",14,0
2024,10,"OPEL","COMBO",13,0
2024,10,"VOYAH","FREE",13,0
2024,10,"VOLKSWAGEN","ID. BUZZ",12,0
2024,10,"ABARTH","600",10,0
2024,11,"TESLA","MODEL 3",7294,12.1
2024,11,"TESLA","MODEL Y",6733,11.2
2024,11,"VOLVO","EX30",3490,5.8
2024,11,"DACIA","SPRING",2970,4.9
2024,11,"JEEP","AVENGER",2415,4
2024,11,"BMW","IX1",2170,3.6
2024,11,"FIAT","500",2152,3.6
2024,11,"AUDI","Q4",1863,3.1
2024,11,"MG","MG4",1786,3
2024,11,"PEUGEOT","208",1563,2.6
2024,11,"RENAULT","TWINGO",1535,2.6
2024,11,"SMART","FORTWO",1516,2.5
2024,11,"VOLKSWAGEN","ID.3",1499,2.5
2024,11,"MERCEDES","EQA",1242,2.1
2024,11,"PEUGEOT","2008",1095,1.8
2024,11,"FIAT","600",859,1.4
2024,11,"SMART","#1",776,1.3
2024,11,"FORD","MUSTANG MK-E",650,1.1
2024,11,"RENAULT","MEGANE",566,0.9
2024,11,"PORSCHE","MACAN",557,0.9
2024,11,"CITROEN","C3",546,0.9
2024,11,"PEUGEOT","3008",520,0.9
2024,11,"MERCEDES","EQB",519,0.9
2024,11,"DR","EQ1",513,0.9
2024,11,"CUPRA","BORN",511,0.9
2024,11,"VOLKSWAGEN","ID.4",478,0.8
2024,11,"FORD","EXPLORER",476,0.8
2024,11,"BYD","ATTO 3",473,0.8
2024,11,"OPEL","CORSA",467,0.8
2024,11,"BMW","I4",443,0.7
2024,11,"RENAULT","SCENIC",426,0.7
2024,11,"BYD","SEAL",421,0.7
2024,11,"CITROEN","C4",418,0.7
2024,11,"BMW","IX2",404,0.7
2024,11,"SMART","#3",402,0.7
2024,11,"MINI","MINI",397,0.7
2024,11,"NISSAN","LEAF",388,0.6
2024,11,"AUDI","Q8",380,0.6
2024,11,"BYD","DOLPHIN",352,0.6
2024,11,"MINI","COUNTRYMAN",341,0.6
2024,11,"LANCIA","YPSILON",326,0.5
2024,11,"BMW","IX",308,0.5
2024,11,"NISSAN","ARIYA",294,0.5
2024,11,"PORSCHE","TAYCAN",292,0.5
2024,11,"HYUNDAI","KONA",285,0.5
2024,11,"RENAULT","5",279,0.5
2024,11,"MERCEDES","EQE SUV",275,0.5
2024,11,"OPEL","MOKKA",273,0.5
2024,11,"VOLVO","XC40",268,0.4
2024,11,"SKODA","ENYAQ",265,0.4
2024,11,"BMW","I5",262,0.4
2024,11,"TOYOTA","BZ4X",240,0.4
2024,11,"ALFA ROMEO","JUNIOR",236,0.4
2024,11,"VOLKSWAGEN","ID BUZZ",228,0.4
2024,11,"LOTUS","ELETRE",201,0.3
2024,11,"AUDI","G6",165,0.3
2024,11,"VOLKSWAGEN","ID.5",162,0.3
2024,11,"KIA","EV3",161,0.3
2024,11,"LEAPMOTOR","T03",152,0.3
2024,11,"CUPRA","TAVASCAN",145,0.2
2024,11,"POLESTAR","POLESTAR 2",144,0.2
2024,11,"RENAULT","ZOE",141,0.2
2024,11,"TESLA","MODEL X",137,0.2
2024,11,"KIA","EV6",133,0.2
2024,11,"ABARTH","500",131,0.2
2024,11,"TESLA","MODEL S",125,0.2
2024,11,"MINI","ACEMAN",122,0.2
2024,11,"VOLKSWAGEN","ID.7",120,0.2
2024,11,"CITROEN","C4 X",114,0.2
2024,11,"MERCEDES","EQE",114,0.2
2024,11,"POLESTAR","POLESTAR 4",114,0.2
2024,11,"KIA","NIRO",110,0.2
2024,11,"KIA","EV9",109,0.2
2024,11,"VOLVO","EX40",108,0.2
2024,11,"VOLVO","C40",95,0.2
2024,11,"AUDI","E-TRON GT",87,0.1
2024,11,"HYUNDAI","IONIQ 6",87,0.1
2024,11,"PEUGEOT","308",78,0.1
2024,11,"AUDI","Q6",77,0.1
2024,11,"MG","ZS",75,0.1
2024,11,"BMW","IX3",72,0.1
2024,11,"TOYOTA","PROACE VERSO",68,0.1
2024,11,"HYUNDAI","IONIQ 5",67,0.1
2024,11,"LEAPMOTOR","C10",66,0.1
2024,11,"MAZDA","MX-30",65,0.1
2024,11,"MERCEDES","EQS SUV",65,0.1
2024,11,"BYD","SEAL U",63,0.1
2024,11,"MELEX","378",51,0.1
2024,11,"FIAT","GRANDE PANDA",50,0.1
2024,11,"MG","MARVEL R",48,0.1
2024,11,"MG","MG5",44,0.1
2024,11,"ABARTH","600",42,0.1
2024,11,"MERCEDES","EQV",41,0.1
2024,11,"PEUGEOT","5008",41,0.1
2024,11,"MERCEDES","EQT",39,0.1
2024,11,"VOLKSWAGEN","ID. BUZZ",39,0.1
2024,11,"MASERATI","GRECALE",38,0.1
2024,11,"MELEX","N.CAR",38,0.1
2024,11,"CITROEN","BERLINGO",33,0.1
2024,11,"POLESTAR","POLESTAR 3",33,0.1
2024,11,"BYD","SEALION 7",32,0.1
2024,11,"MERCEDES","EQS",28,0
2024,11,"SUBARU","SOLTERRA",27,0
2024,11,"BMW","I7",25,0
2024,11,"RENAULT","KANGOO",25,0
2024,11,"DS","DS3",23,0
2024,11,"VOLVO","EC40",23,0
2024,11,"TOYOTA","PROACE CITY",22,0
2024,11,"VOYAH","FREE",22,0
2024,11,"JAGUAR","I-PACE",19,0
2024,11,"OPEL","ASTRA",19,0
2024,11,"ALTRE ESTERE","ALTRI TIPI",17,0
2024,11,"FIAT","DOBLO",16,0
2024,11,"LEXUS","UX",16,0
2024,11,"MASERATI","GRANTURISMO",14,0
2024,11,"OPEL","COMBO",13,0
2024,11,"VOLVO","EX90",13,0
2024,11,"PEUGEOT","TRAVELLER",11,0
2024,12,"TESLA","MODEL 3",7943,12
2024,12,"TESLA","MODEL Y",7435,11.3
2024,12,"VOLVO","EX30",3836,5.8
2024,12,"DACIA","SPRING",3542,5.4
2024,12,"JEEP","AVENGER",2477,3.8
2024,12,"BMW","IX1",2366,3.6
2024,12,"FIAT","500",2345,3.6
2024,12,"AUDI","Q4",2006,3
2024,12,"MG","MG4",1850,2.8
2024,12,"PEUGEOT","208",1616,2.4
2024,12,"RENAULT","TWINGO",1546,2.3
2024,12,"VOLKSWAGEN","ID.3",1528,2.3
2024,12,"SMART","FORTWO",1516,2.3
2024,12,"MERCEDES","EQA",1408,2.1
2024,12,"PEUGEOT","2008",1131,1.7
2024,12,"FIAT","600",934,1.4
2024,12,"SMART","#1",865,1.3
2024,12,"PORSCHE","MACAN",771,1.2
2024,12,"CITROEN","C3",758,1.1
2024,12,"FORD","MUSTANG MK-E",665,1
2024,12,"RENAULT","MEGANE",623,0.9
2024,12,"FORD","EXPLORER",620,0.9
2024,12,"MERCEDES","EQB",582,0.9
2024,12,"PEUGEOT","3008",559,0.8
2024,12,"DR","EQ1",554,0.8
2024,12,"BYD","ATTO 3",545,0.8
2024,12,"CUPRA","BORN",538,0.8
2024,12,"VOLKSWAGEN","ID.4",521,0.8
2024,12,"OPEL","CORSA",516,0.8
2024,12,"BMW","I4",466,0.7
2024,12,"BYD","SEAL",461,0.7
2024,12,"RENAULT","SCENIC",456,0.7
2024,12,"BMW","IX2",447,0.7
2024,12,"SMART","#3",438,0.7
2024,12,"MINI","MINI",435,0.7
2024,12,"CITROEN","C4",422,0.6
2024,12,"BYD","DOLPHIN",408,0.6
2024,12,"AUDI","Q8",402,0.6
2024,12,"NISSAN","LEAF",400,0.6
2024,12,"RENAULT","5",383,0.6
2024,12,"LANCIA","YPSILON",374,0.6
2024,12,"MINI","COUNTRYMAN",361,0.5
2024,12,"HYUNDAI","KONA",341,0.5
2024,12,"PORSCHE","TAYCAN",339,0.5
2024,12,"BMW","IX",329,0.5
2024,12,"NISSAN","ARIYA",321,0.5
2024,12,"BMW","I5",310,0.5
2024,12,"MERCEDES","EQE SUV",309,0.5
2024,12,"OPEL","MOKKA",295,0.4
2024,12,"VOLVO","XC40",283,0.4
2024,12,"ALFA ROMEO","JUNIOR",268,0.4
2024,12,"SKODA","ENYAQ",267,0.4
2024,12,"TOYOTA","BZ4X",250,0.4
2024,12,"CUPRA","TAVASCAN",241,0.4
2024,12,"VOLKSWAGEN","ID BUZZ",230,0.3
2024,12,"LOTUS","ELETRE",218,0.3
2024,12,"LEAPMOTOR","T03",197,0.3
2024,12,"KIA","EV3",191,0.3
2024,12,"AUDI","G6",190,0.3
2024,12,"VOLKSWAGEN","ID.5",170,0.3
2024,12,"MINI","ACEMAN",162,0.2
2024,12,"RENAULT","ZOE",153,0.2
2024,12,"POLESTAR","POLESTAR 2",152,0.2
2024,12,"ABARTH","500",140,0.2
2024,12,"TESLA","MODEL X",140,0.2
2024,12,"KIA","EV6",134,0.2
2024,12,"MERCEDES","EQE",133,0.2
2024,12,"TESLA","MODEL S",133,0.2
2024,12,"VOLVO","EX40",131,0.2
2024,12,"POLESTAR","POLESTAR 4",128,0.2
2024,12,"VOLKSWAGEN","ID.7",123,0.2
2024,12,"CITROEN","C4 X",116,0.2
2024,12,"KIA","NIRO",111,0.2
2024,12,"KIA","EV9",110,0.2
2024,12,"AUDI","Q6",101,0.2
2024,12,"VOLKSWAGEN","ID. BUZZ",101,0.2
2024,12,"VOLVO","C40",100,0.2
2024,12,"AUDI","E-TRON GT",92,0.1
2024,12,"HYUNDAI","IONIQ 6",90,0.1
2024,12,"MG","ZS",85,0.1
2024,12,"BYD","SEAL U",84,0.1
2024,12,"FIAT","GRANDE PANDA",80,0.1
2024,12,"PEUGEOT","308",80,0.1
2024,12,"LEAPMOTOR","C10",77,0.1
2024,12,"HYUNDAI","IONIQ 5",73,0.1
2024,12,"BMW","IX3",72,0.1
2024,12,"MERCEDES","EQS SUV",71,0.1
2024,12,"TOYOTA","PROACE VERSO",70,0.1
2024,12,"MAZDA","MX-30",68,0.1
2024,12,"MELEX","378",52,0.1
2024,12,"MG","MARVEL R",49,0.1
2024,12,"PEUGEOT","5008",47,0.1
2024,12,"MERCEDES","EQV",45,0.1
2024,12,"MG","MG5",44,0.1
2024,12,"BYD","SEALION 7",43,0.1
2024,12,"MASERATI","GRECALE",43,0.1
2024,12,"ABARTH","600",42,0.1
2024,12,"RENAULT","KANGOO",41,0.1
2024,12,"MELEX","N.CAR",40,0.1
2024,12,"MERCEDES","EQT",39,0.1
2024,12,"MERCEDES","EQS",37,0.1
2024,12,"BMW","I7",36,0.1
2024,12,"CITROEN","BERLINGO",36,0.1
2024,12,"POLESTAR","POLESTAR 3",36,0.1
2024,12,"VOLVO","EC40",36,0.1
2024,12,"SUBARU","SOLTERRA",29,0
2024,12,"TOYOTA","PROACE CITY",24,0
2024,12,"DS","DS3",23,0
2024,12,"BYD","HAN",22,0
2024,12,"VOYAH","FREE",22,0
2024,12,"VOLVO","EX90",20,0
2024,12,"JAGUAR","I-PACE",19,0
2024,12,"OPEL","ASTRA",19,0
2024,12,"FIAT","DOBLO",17,0
2024,12,"LEXUS","UX",16,0
2024,12,"FORD","CAPRI",15,0
2024,12,"MASERATI","GRANTURISMO",14,0
2024,12,"OMODA","5",13,0
2024,12,"OPEL","COMBO",13,0
2024,12,"PEUGEOT","TRAVELLER",13,0
2024,12,"LEXUS","RZ",11,0
2024,12,"YUDO","YUDO",11,0
2024,12,"ALPINE","A290",10,0
2024,12,"LOTUS","EMEYA",10,0
2025,1,"DACIA","SPRING",961,14.3
2025,1,"CITROEN","C3",418,6.2
2025,1,"TESLA","MODEL Y",265,3.9
2025,1,"JEEP","AVENGER",245,3.6
2025,1,"FIAT","500",238,3.5
2025,1,"VOLVO","EX30",232,3.4
2025,1,"BMW","IX1",229,3.4
2025,1,"RENAULT","5",185,2.7
2025,1,"RENAULT","MEGANE",175,2.6
2025,1,"VOLKSWAGEN","ID.3",168,2.5
2025,1,"KIA","EV3",166,2.5
2025,1,"LEAPMOTOR","T03",153,2.3
2025,1,"FIAT","600",149,2.2
2025,1,"PEUGEOT","208",147,2.2
2025,1,"TESLA","MODEL 3",141,2.1
2025,1,"PORSCHE","MACAN",134,2
2025,1,"AUDI","Q4",127,1.9
2025,1,"PEUGEOT","2008",118,1.8
2025,1,"VOLKSWAGEN","ID.4",111,1.6
2025,1,"FORD","EXPLORER",107,1.6
2025,1,"BYD","ATTO 3",103,1.5
2025,1,"OPEL","GRANDLAND",93,1.4
2025,1,"CITROEN","C4",87,1.3
2025,1,"BYD","DOLPHIN",78,1.2
2025,1,"SMART","#1",73,1.1
2025,1,"HYUNDAI","KONA",72,1.1
2025,1,"ALFA ROMEO","JUNIOR",69,1
2025,1,"CUPRA","TAVASCAN",69,1
2025,1,"PEUGEOT","3008",66,1
2025,1,"RENAULT","SCENIC",63,0.9
2025,1,"BYD","SEAL",60,0.9
2025,1,"LANCIA","YPSILON",57,0.8
2025,1,"MINI","ACEMAN",53,0.8
2025,1,"MINI","COUNTRYMAN",52,0.8
2025,1,"NISSAN","ARIYA",46,0.7
2025,1,"OPEL","MOKKA",46,0.7
2025,1,"AUDI","G6",42,0.6
2025,1,"OPEL","CORSA",42,0.6
2025,1,"RENAULT","TWINGO",42,0.6
2025,1,"HYUNDAI","IONIQ 5",41,0.6
2025,1,"BMW","IX2",40,0.6
2025,1,"BYD","ATTO 2",40,0.6
2025,1,"AUDI","A6",39,0.6
2025,1,"DR","EQ1",39,0.6
2025,1,"PEUGEOT","5008",39,0.6
2025,1,"VOLVO","EX90",39,0.6
2025,1,"MG","MG4",37,0.5
2025,1,"BMW","IX",36,0.5
2025,1,"MINI","MINI",34,0.5
2025,1,"VOLKSWAGEN","ID.7",34,0.5
2025,1,"MERCEDES","EQA",32,0.5
2025,1,"BYD","SEAL U",31,0.5
2025,1,"AUDI","Q6",30,0.4
2025,1,"BMW","I5",29,0.4
2025,1,"BMW","I4",25,0.4
2025,1,"VOLKSWAGEN","ID.5",25,0.4
2025,1,"FIAT","GRANDE PANDA",23,0.3
2025,1,"SMART","#3",23,0.3
2025,1,"TOYOTA","BZ4X",23,0.3
2025,1,"LEXUS","RZ",21,0.3
2025,1,"POLESTAR","POLESTAR 4",21,0.3
2025,1,"CUPRA","BORN",19,0.3
2025,1,"VOLKSWAGEN","ID. BUZZ",18,0.3
2025,1,"AUDI","Q8",17,0.3
2025,1,"FORD","CAPRI",16,0.2
2025,1,"HYUNDAI","INSTER",16,0.2
2025,1,"HYUNDAI","IONIQ 6",16,0.2
2025,1,"PORSCHE","TAYCAN",15,0.2
2025,1,"VOLVO","EX40",14,0.2
2025,1,"MERCEDES","EQB",13,0.2
2025,1,"MERCEDES","EQE SUV",13,0.2
2025,1,"OMODA","5",13,0.2
2025,1,"BYD","SEALION 7",12,0.2
2025,1,"KIA","EV9",12,0.2
2025,1,"FORD","MUSTANG MK-E",11,0.2
2025,1,"LOTUS","ELETRE",10,0.1
2025,2,"DACIA","SPRING",1421,10.4
2025,2,"CITROEN","C3",1082,7.9
2025,2,"TESLA","MODEL 3",642,4.7
2025,2,"TESLA","MODEL Y",604,4.4
2025,2,"JEEP","AVENGER",453,3.3
2025,2,"FIAT","500",446,3.3
2025,2,"RENAULT","5",423,3.1
2025,2,"BMW","IX1",406,3
2025,2,"LEAPMOTOR","T03",357,2.6
2025,2,"VOLVO","EX30",319,2.3
2025,2,"AUDI","Q4",301,2.2
2025,2,"VOLKSWAGEN","ID.3",298,2.2
2025,2,"KIA","EV3",294,2.1
2025,2,"HYUNDAI","INSTER",290,2.1
2025,2,"BYD","DOLPHIN",256,1.9
2025,2,"PORSCHE","MACAN",252,1.8
2025,2,"PEUGEOT","208",246,1.8
2025,2,"RENAULT","MEGANE",230,1.7
2025,2,"BYD","ATTO 3",228,1.7
2025,2,"FORD","EXPLORER",210,1.5
2025,2,"VOLKSWAGEN","ID.4",196,1.4
2025,2,"FIAT","600",193,1.4
2025,2,"OPEL","CORSA",187,1.4
2025,2,"RENAULT","SCENIC",185,1.3
2025,2,"BYD","SEAL",184,1.3
2025,2,"ALFA ROMEO","JUNIOR",183,1.3
2025,2,"PEUGEOT","2008",180,1.3
2025,2,"CUPRA","TAVASCAN",147,1.1
2025,2,"SMART","#1",142,1
2025,2,"PEUGEOT","3008",134,1
2025,2,"MERCEDES","EQA",118,0.9
2025,2,"MINI","ACEMAN",116,0.8
2025,2,"BMW","IX2",107,0.8
2025,2,"LANCIA","YPSILON",103,0.8
2025,2,"OPEL","GRANDLAND",102,0.7
2025,2,"CITROEN","C4",99,0.7
2025,2,"OPEL","MOKKA",97,0.7
2025,2,"HYUNDAI","KONA",96,0.7
2025,2,"AUDI","G6",93,0.7
2025,2,"SKODA","ELROQ",89,0.6
2025,2,"DR","EQ1",88,0.6
2025,2,"NISSAN","ARIYA",88,0.6
2025,2,"BMW","I4",87,0.6
2025,2,"MINI","MINI",86,0.6
2025,2,"AUDI","Q6",80,0.6
2025,2,"MINI","COUNTRYMAN",80,0.6
2025,2,"BYD","SEALION 7",77,0.6
2025,2,"BMW","I5",73,0.5
2025,2,"AUDI","A6",72,0.5
2025,2,"MG","MG4",68,0.5
2025,2,"PEUGEOT","5008",68,0.5
2025,2,"BMW","IX",60,0.4
2025,2,"BYD","ATTO 2",60,0.4
2025,2,"BYD","SEAL U",60,0.4
2025,2,"VOLKSWAGEN","ID.7",57,0.4
2025,2,"HYUNDAI","IONIQ 5",54,0.4
2025,2,"SMART","#3",49,0.4
2025,2,"RENAULT","TWINGO",47,0.3
2025,2,"VOLVO","EX90",45,0.3
2025,2,"CUPRA","BORN",44,0.3
2025,2,"VOLKSWAGEN","ID. BUZZ",43,0.3
2025,2,"MERCEDES","EQB",40,0.3
2025,2,"POLESTAR","POLESTAR 4",39,0.3
2025,2,"NISSAN","LEAF",38,0.3
2025,2,"VOLKSWAGEN","ID.5",37,0.3
2025,2,"AUDI","Q8",36,0.3
2025,2,"PORSCHE","TAYCAN",36,0.3
2025,2,"FORD","CAPRI",35,0.3
2025,2,"FORD","MUSTANG MK-E",34,0.2
2025,2,"TOYOTA","BZ4X",33,0.2
2025,2,"VOLVO","EX40",33,0.2
2025,2,"MERCEDES","EQE SUV",29,0.2
2025,2,"FIAT","GRANDE PANDA",28,0.2
2025,2,"LEXUS","RZ",26,0.2
2025,2,"HYUNDAI","IONIQ 6",22,0.2
2025,2,"KIA","EV9",20,0.1
2025,2,"LEAPMOTOR","C10",20,0.1
2025,2,"OMODA","5",20,0.1
2025,2,"LOTUS","ELETRE",16,0.1
2025,2,"SKODA","ENYAQ",16,0.1
2025,2,"MG","CYBERSTER",14,0.1
2025,2,"KIA","EV6",12,0.1
2025,2,"VOLVO","EC40",12,0.1
2025,2,"DS","DS3",11,0.1
2025,2,"PEUGEOT","308",11,0.1
2025,2,"ALPINE","A290",10,0.1
2025,2,"MERCEDES","EQE",10,0.1
2025,2,"MERCEDES","EQS",10,0.1
2025,2,"POLESTAR","POLESTAR 2",10,0.1
2025,3,"TESLA","MODEL 3",2207,9.6
2025,3,"DACIA","SPRING",2076,9
2025,3,"CITROEN","C3",1455,6.3
2025,3,"TESLA","MODEL Y",1254,5.4
2025,3,"RENAULT","5",738,3.2
2025,3,"JEEP","AVENGER",691,3
2025,3,"BMW","IX1",689,3
2025,3,"AUDI","Q4",611,2.6
2025,3,"FIAT","500",605,2.6
2025,3,"LEAPMOTOR","T03",525,2.3
2025,3,"HYUNDAI","INSTER",487,2.1
2025,3,"KIA","EV3",478,2.1
2025,3,"VOLVO","EX30",468,2
2025,3,"VOLKSWAGEN","ID.3",421,1.8
2025,3,"PORSCHE","MACAN",420,1.8
2025,3,"ALFA ROMEO","JUNIOR",404,1.8
2025,3,"BYD","DOLPHIN",398,1.7
2025,3,"MERCEDES","EQA",379,1.6
2025,3,"FORD","EXPLORER",350,1.5
2025,3,"RENAULT","MEGANE",341,1.5
2025,3,"RENAULT","SCENIC",337,1.5
2025,3,"BYD","ATTO 3",313,1.4
2025,3,"PEUGEOT","208",305,1.3
2025,3,"OPEL","CORSA",268,1.2
2025,3,"PEUGEOT","3008",262,1.1
2025,3,"FIAT","GRANDE PANDA",261,1.1
2025,3,"VOLKSWAGEN","ID.4",254,1.1
2025,3,"CUPRA","TAVASCAN",236,1
2025,3,"PEUGEOT","2008",222,1
2025,3,"BYD","SEAL",207,0.9
2025,3,"FIAT","600",205,0.9
2025,3,"NISSAN","ARIYA",185,0.8
2025,3,"SMART","#1",184,0.8
2025,3,"BMW","IX2",179,0.8
2025,3,"MINI","ACEMAN",179,0.8
2025,3,"AUDI","G6",159,0.7
2025,3,"BMW","I4",159,0.7
2025,3,"MG","MG4",158,0.7
2025,3,"MINI","MINI",147,0.6
2025,3,"AUDI","Q6",140,0.6
2025,3,"LANCIA","YPSILON",138,0.6
2025,3,"BYD","SEALION 7",136,0.6
2025,3,"HYUNDAI","KONA",133,0.6
2025,3,"OPEL","MOKKA",128,0.6
2025,3,"DR","EQ1",127,0.6
2025,3,"MINI","COUNTRYMAN",125,0.5
2025,3,"CITROEN","C4",117,0.5
2025,3,"MERCEDES","EQB",117,0.5
2025,3,"SKODA","ELROQ",116,0.5
2025,3,"CITROEN","C3 AIRCROSS",107,0.5
2025,3,"OPEL","GRANDLAND",106,0.5
2025,3,"AUDI","A6",100,0.4
2025,3,"BMW","I5",94,0.4
2025,3,"HYUNDAI","IONIQ 5",92,0.4
2025,3,"VOLKSWAGEN","ID.7",91,0.4
2025,3,"MERCEDES","EQE",89,0.4
2025,3,"BYD","SEAL U",85,0.4
2025,3,"CUPRA","BORN",84,0.4
2025,3,"BMW","IX",82,0.4
2025,3,"PEUGEOT","5008",80,0.3
2025,3,"BYD","ATTO 2",78,0.3
2025,3,"FORD","MUSTANG MK-E",73,0.3
2025,3,"POLESTAR","POLESTAR 4",68,0.3
2025,3,"MERCEDES","EQE SUV",65,0.3
2025,3,"VOLKSWAGEN","ID.5",65,0.3
2025,3,"NISSAN","LEAF",64,0.3
2025,3,"SMART","#3",64,0.3
2025,3,"TOYOTA","BZ4X",64,0.3
2025,3,"PORSCHE","TAYCAN",61,0.3
2025,3,"RENAULT","TWINGO",54,0.2
2025,3,"VOLVO","EX90",53,0.2
2025,3,"AUDI","Q8",50,0.2
2025,3,"FORD","CAPRI",47,0.2
2025,3,"VOLVO","EX40",47,0.2
2025,3,"HYUNDAI","IONIQ 6",38,0.2
2025,3,"OMODA","5",37,0.2
2025,3,"LEXUS","RZ",33,0.1
2025,3,"VOLKSWAGEN","ID. BUZZ",33,0.1
2025,3,"SKODA","ENYAQ",32,0.1
2025,3,"KIA","EV9",29,0.1
2025,3,"LEAPMOTOR","C10",29,0.1
2025,3,"LOTUS","ELETRE",29,0.1
2025,3,"ALPINE","A290",28,0.1
2025,3,"MASERATI","GRECALE",22,0.1
2025,3,"MG","CYBERSTER",22,0.1
2025,3,"ABARTH","500",21,0.1
2025,3,"KIA","EV6",21,0.1
2025,3,"VOLVO","EC40",18,0.1
2025,3,"DS","DS3",15,0.1
2025,3,"OPEL","ASTRA",15,0.1
2025,3,"MERCEDES","CLASSE G",14,0.1
2025,3,"MERCEDES","EQS",14,0.1
2025,3,"AUDI","E-TRON GT",13,0.1
2025,3,"LYNK & CO","02",13,0.1
2025,3,"POLESTAR","POLESTAR 2",13,0.1
2025,3,"TOYOTA","PROACE CITY",13,0.1
2025,3,"TOYOTA","PROACE VERSO",13,0.1
2025,3,"PEUGEOT","308",12,0.1
2025,3,"CITROEN","BERLINGO",11,0
2025,3,"FORD","PUMA",11,0
2025,3,"KIA","NIRO",11,0
2025,3,"MELEX","378",10,0