"year","month","brand","registrations","hb_registrations","sdn_registrations","mpv_registrations","stv_registrations","suv_registrations","cpe_conv_registrations"
2023,1,"AUDI",6,0,0,0,0,6,0
2023,1,"B.M.W.",58,0,1,0,0,52,5
2023,1,"BYD",49,0,0,22,0,27,0
2023,1,"CITROEN",0,0,0,0,0,0,0
2023,1,"FIAT",0,0,0,0,0,0,0
2023,1,"HONDA",1,1,0,0,0,0,0
2023,1,"HYUNDAI",12,12,0,0,0,0,0
2023,1,"JAGUAR",1,0,0,0,0,1,0
2023,1,"KIA",9,0,0,0,0,9,0
2023,1,"M.G.",4,1,0,0,0,3,0
2023,1,"MAXUS",0,0,0,0,0,0,0
2023,1,"MAZDA",0,0,0,0,0,0,0
2023,1,"MERCEDES_BENZ",35,0,15,0,0,20,0
2023,1,"MINI",0,0,0,0,0,0,0
2023,1,"NISSAN",1,1,0,0,0,0,0
2023,1,"OPEL",43,40,0,2,0,1,0
2023,1,"PEUGEOT",5,0,0,0,0,5,0
2023,1,"POLESTAR",7,0,7,0,0,0,0
2023,1,"PORSCHE",2,0,2,0,0,0,0
2023,1,"SKODA",1,0,0,0,0,1,0
2023,1,"TESLA",30,0,4,0,0,26,0
2023,1,"TOYOTA",0,0,0,0,0,0,0
2023,1,"VOLKSWAGEN",1,1,0,0,0,0,0
2023,1,"VOLVO",13,0,0,0,0,13,0
2023,2,"AUDI",10,0,0,0,0,10,0
2023,2,"B.M.W.",51,0,8,0,0,34,9
2023,2,"BYD",37,0,0,18,0,19,0
2023,2,"CITROEN",0,0,0,0,0,0,0
2023,2,"FIAT",0,0,0,0,0,0,0
2023,2,"HONDA",1,1,0,0,0,0,0
2023,2,"HYUNDAI",0,0,0,0,0,0,0
2023,2,"JAGUAR",0,0,0,0,0,0,0
2023,2,"KIA",7,0,0,0,0,7,0
2023,2,"M.G.",3,0,0,0,1,2,0
2023,2,"MAXUS",0,0,0,0,0,0,0
2023,2,"MAZDA",0,0,0,0,0,0,0
2023,2,"MERCEDES_BENZ",23,0,9,0,0,14,0
2023,2,"MINI",2,2,0,0,0,0,0
2023,2,"NISSAN",3,3,0,0,0,0,0
2023,2,"OPEL",12,10,0,1,0,1,0
2023,2,"PEUGEOT",10,0,0,0,0,10,0
2023,2,"POLESTAR",6,0,6,0,0,0,0
2023,2,"PORSCHE",5,0,4,0,1,0,0
2023,2,"SKODA",0,0,0,0,0,0,0
2023,2,"TESLA",63,0,17,0,0,46,0
2023,2,"TOYOTA",0,0,0,0,0,0,0
2023,2,"VOLKSWAGEN",0,0,0,0,0,0,0
2023,2,"VOLVO",8,0,0,0,0,8,0
2023,3,"AUDI",3,0,0,0,0,3,0
2023,3,"B.M.W.",54,0,20,0,0,28,6
2023,3,"BYD",38,0,0,37,0,1,0
2023,3,"CITROEN",0,0,0,0,0,0,0
2023,3,"FIAT",1,1,0,0,0,0,0
2023,3,"HONDA",0,0,0,0,0,0,0
2023,3,"HYUNDAI",0,0,0,0,0,0,0
2023,3,"JAGUAR",0,0,0,0,0,0,0
2023,3,"KIA",7,0,0,0,0,7,0
2023,3,"M.G.",26,0,0,0,23,3,0
2023,3,"MAXUS",0,0,0,0,0,0,0
2023,3,"MAZDA",1,0,0,0,0,1,0
2023,3,"MERCEDES_BENZ",35,0,19,0,0,16,0
2023,3,"MINI",0,0,0,0,0,0,0
2023,3,"NISSAN",0,0,0,0,0,0,0
2023,3,"OPEL",20,20,0,0,0,0,0
2023,3,"PEUGEOT",4,0,0,0,0,4,0
2023,3,"POLESTAR",9,0,9,0,0,0,0
2023,3,"PORSCHE",14,0,13,0,1,0,0
2023,3,"SKODA",0,0,0,0,0,0,0
2023,3,"TESLA",72,0,27,0,0,45,0
2023,3,"TOYOTA",0,0,0,0,0,0,0
2023,3,"VOLKSWAGEN",0,0,0,0,0,0,0
2023,3,"VOLVO",7,0,0,0,0,7,0
2023,4,"AUDI",1,0,0,0,0,1,0
2023,4,"B.M.W.",39,0,3,0,0,27,9
2023,4,"BYD",121,0,0,21,0,100,0
2023,4,"CITROEN",1,0,0,0,0,1,0
2023,4,"FIAT",0,0,0,0,0,0,0
2023,4,"HONDA",0,0,0,0,0,0,0
2023,4,"HYUNDAI",0,0,0,0,0,0,0
2023,4,"JAGUAR",0,0,0,0,0,0,0
2023,4,"KIA",5,0,0,0,0,5,0
2023,4,"M.G.",3,2,0,0,0,1,0
2023,4,"MAXUS",1,0,0,1,0,0,0
2023,4,"MAZDA",0,0,0,0,0,0,0
2023,4,"MERCEDES_BENZ",37,0,11,0,0,26,0
2023,4,"MINI",0,0,0,0,0,0,0
2023,4,"NISSAN",0,0,0,0,0,0,0
2023,4,"OPEL",23,20,0,1,0,2,0
2023,4,"PEUGEOT",3,0,0,0,0,3,0
2023,4,"POLESTAR",8,0,8,0,0,0,0
2023,4,"PORSCHE",9,0,9,0,0,0,0
2023,4,"SKODA",0,0,0,0,0,0,0
2023,4,"TESLA",28,0,12,0,0,16,0
2023,4,"TOYOTA",5,0,0,0,0,5,0
2023,4,"VOLKSWAGEN",0,0,0,0,0,0,0
2023,4,"VOLVO",19,0,0,0,0,19,0
2023,5,"AUDI",7,2,0,0,0,5,0
2023,5,"B.M.W.",47,0,6,0,0,34,7
2023,5,"BYD",58,3,0,5,0,50,0
2023,5,"CITROEN",0,0,0,0,0,0,0
2023,5,"FIAT",1,1,0,0,0,0,0
2023,5,"HONDA",1,0,0,0,0,0,1
2023,5,"HYUNDAI",44,0,0,0,0,44,0
2023,5,"JAGUAR",0,0,0,0,0,0,0
2023,5,"KIA",2,0,0,0,0,2,0
2023,5,"M.G.",6,6,0,0,0,0,0
2023,5,"MAXUS",0,0,0,0,0,0,0
2023,5,"MAZDA",0,0,0,0,0,0,0
2023,5,"MERCEDES_BENZ",41,0,21,0,0,20,0
2023,5,"MINI",0,0,0,0,0,0,0
2023,5,"NISSAN",1,1,0,0,0,0,0
2023,5,"OPEL",0,0,0,0,0,0,0
2023,5,"PEUGEOT",4,0,0,0,0,4,0
2023,5,"POLESTAR",21,0,21,0,0,0,0
2023,5,"PORSCHE",13,0,12,0,1,0,0
2023,5,"SKODA",0,0,0,0,0,0,0
2023,5,"SMART",1,0,0,0,0,0,1
2023,5,"TESLA",90,0,29,0,0,61,0
2023,5,"TOYOTA",1,0,0,0,0,1,0
2023,5,"VOLKSWAGEN",0,0,0,0,0,0,0
2023,5,"VOLVO",10,0,0,0,0,10,0
2023,6,"AUDI",5,0,0,0,0,5,0
2023,6,"B.M.W.",49,0,18,0,0,29,2
2023,6,"BYD",60,1,0,5,0,54,0
2023,6,"CITROEN",0,0,0,0,0,0,0
2023,6,"FIAT",0,0,0,0,0,0,0
2023,6,"HONDA",2,2,0,0,0,0,0
2023,6,"HYUNDAI",47,0,0,0,0,47,0
2023,6,"JAGUAR",0,0,0,0,0,0,0
2023,6,"KIA",2,0,0,0,0,2,0
2023,6,"M.G.",22,0,0,0,2,20,0
2023,6,"MAXUS",0,0,0,0,0,0,0
2023,6,"MAZDA",3,0,0,0,0,3,0
2023,6,"MERCEDES_BENZ",51,0,19,1,0,31,0
2023,6,"MINI",2,2,0,0,0,0,0
2023,6,"NISSAN",0,0,0,0,0,0,0
2023,6,"OPEL",0,0,0,0,0,0,0
2023,6,"PEUGEOT",15,0,0,0,0,15,0
2023,6,"POLESTAR",8,0,8,0,0,0,0
2023,6,"PORSCHE",21,0,19,0,1,0,1
2023,6,"SKODA",0,0,0,0,0,0,0
2023,6,"SMART",0,0,0,0,0,0,0
2023,6,"TESLA",117,0,43,0,0,74,0
2023,6,"TOYOTA",8,0,0,0,0,8,0
2023,6,"VOLKSWAGEN",0,0,0,0,0,0,0
2023,6,"VOLVO",19,0,0,0,0,19,0
2023,7,"AUDI",3,0,0,0,0,3,0
2023,7,"B.M.W.",102,0,33,0,0,65,4
2023,7,"BYD",111,1,0,6,0,104,0
2023,7,"CITROEN",1,0,0,0,0,1,0
2023,7,"FIAT",1,1,0,0,0,0,0
2023,7,"HYUNDAI",97,0,8,0,0,89,0
2023,7,"KIA",6,0,0,0,0,6,0
2023,7,"M.G.",19,5,0,0,1,13,0
2023,7,"MERCEDES_BENZ",27,0,9,2,0,16,0
2023,7,"NISSAN",1,1,0,0,0,0,0
2023,7,"OPEL",3,0,0,2,0,1,0
2023,7,"PEUGEOT",21,0,0,0,0,21,0
2023,7,"POLESTAR",14,0,14,0,0,0,0
2023,7,"PORSCHE",11,0,6,0,3,0,2
2023,7,"TESLA",51,0,20,0,0,31,0
2023,7,"TOYOTA",4,0,0,0,0,4,0
2023,7,"VOLVO",14,0,0,0,0,14,0
2023,8,"AUDI",5,1,0,0,0,4,0
2023,8,"B.M.W.",88,0,23,0,0,62,3
2023,8,"BYD",131,6,1,10,0,114,0
2023,8,"CITROEN",2,0,0,0,0,2,0
2023,8,"FIAT",0,0,0,0,0,0,0
2023,8,"GREAT_WALL",2,2,0,0,0,0,0
2023,8,"HONDA",1,1,0,0,0,0,0
2023,8,"HYUNDAI",80,0,4,0,0,76,0
2023,8,"JAGUAR",1,0,0,0,0,1,0
2023,8,"KIA",5,0,0,0,0,5,0
2023,8,"M.G.",3,0,0,0,1,2,0
2023,8,"MERCEDES_BENZ",71,0,14,1,0,56,0
2023,8,"MINI",2,2,0,0,0,0,0
2023,8,"NISSAN",1,1,0,0,0,0,0
2023,8,"OPEL",0,0,0,0,0,0,0
2023,8,"PEUGEOT",15,0,0,0,0,15,0
2023,8,"POLESTAR",6,0,6,0,0,0,0
2023,8,"PORSCHE",11,1,7,0,3,0,0
2023,8,"TESLA",134,0,68,0,0,66,0
2023,8,"TOYOTA",8,0,0,0,0,8,0
2023,8,"VOLKSWAGEN",1,0,0,1,0,0,0
2023,8,"VOLVO",21,0,0,0,0,21,0
2023,9,"AUDI",0,0,0,0,0,0,0
2023,9,"B.M.W.",70,0,13,0,0,53,4
2023,9,"BYD",145,8,4,5,0,128,0
2023,9,"CITROEN",3,0,0,0,0,3,0
2023,9,"FIAT",0,0,0,0,0,0,0
2023,9,"GREAT_WALL",0,0,0,0,0,0,0
2023,9,"HONDA",2,2,0,0,0,0,0
2023,9,"HYUNDAI",111,0,8,0,0,103,0
2023,9,"JAGUAR",1,0,0,0,0,1,0
2023,9,"KIA",0,0,0,0,0,0,0
2023,9,"M.G.",19,2,0,0,0,17,0
2023,9,"MAXUS",5,0,0,5,0,0,0
2023,9,"MAZDA",1,0,0,0,0,1,0
2023,9,"MERCEDES_BENZ",86,0,29,2,0,55,0
2023,9,"MINI",2,2,0,0,0,0,0
2023,9,"NISSAN",1,1,0,0,0,0,0
2023,9,"OPEL",2,0,0,0,0,2,0
2023,9,"PEUGEOT",16,0,0,0,0,16,0
2023,9,"POLESTAR",3,0,3,0,0,0,0
2023,9,"PORSCHE",9,0,9,0,0,0,0
2023,9,"TESLA",54,0,3,0,0,51,0
2023,9,"TOYOTA",5,0,0,0,0,5,0
2023,9,"VOLKSWAGEN",0,0,0,0,0,0,0
2023,9,"VOLVO",14,0,0,0,0,14,0
2023,10,"AUDI",5,0,0,0,0,5,0
2023,10,"B.M.W.",60,0,27,0,0,33,0
2023,10,"BYD",158,8,19,1,0,130,0
2023,10,"CITROEN",1,0,0,0,0,1,0
2023,10,"FIAT",0,0,0,0,0,0,0
2023,10,"GREAT_WALL",19,19,0,0,0,0,0
2023,10,"HONDA",0,0,0,0,0,0,0
2023,10,"HYUNDAI",50,0,1,0,0,49,0
2023,10,"JAGUAR",1,0,0,0,0,1,0
2023,10,"KIA",0,0,0,0,0,0,0
2023,10,"LOTUS",1,0,0,0,0,1,0
2023,10,"M.G.",14,0,0,0,0,14,0
2023,10,"MAXUS",1,0,0,1,0,0,0
2023,10,"MAZDA",1,0,0,0,0,1,0
2023,10,"MERCEDES_BENZ",21,0,6,1,0,14,0
2023,10,"MINI",1,1,0,0,0,0,0
2023,10,"NISSAN",0,0,0,0,0,0,0
2023,10,"OPEL",1,0,0,0,0,1,0
2023,10,"PEUGEOT",5,0,0,0,0,5,0
2023,10,"POLESTAR",7,0,7,0,0,0,0
2023,10,"PORSCHE",12,1,10,0,1,0,0
2023,10,"TESLA",58,0,0,0,0,58,0
2023,10,"TOYOTA",6,0,0,0,0,6,0
2023,10,"VOLKSWAGEN",0,0,0,0,0,0,0
2023,10,"VOLVO",9,0,0,0,0,9,0
2023,11,"AUDI",2,1,0,0,0,1,0
2023,11,"B.M.W.",83,0,17,0,0,66,0
2023,11,"BYD",235,3,68,9,0,155,0
2023,11,"CITROEN",6,0,0,0,0,6,0
2023,11,"FIAT",1,0,0,0,0,0,1
2023,11,"GREAT_WALL",18,18,0,0,0,0,0
2023,11,"HONDA",0,0,0,0,0,0,0
2023,11,"HYUNDAI",73,0,1,0,0,72,0
2023,11,"JAGUAR",0,0,0,0,0,0,0
2023,11,"KIA",1,0,0,0,0,1,0
2023,11,"LOTUS",0,0,0,0,0,0,0
2023,11,"M.G.",24,0,0,0,1,23,0
2023,11,"MAXUS",2,0,0,2,0,0,0
2023,11,"MAZDA",3,0,0,0,0,3,0
2023,11,"MERCEDES_BENZ",61,0,34,3,0,24,0
2023,11,"MINI",0,0,0,0,0,0,0
2023,11,"NISSAN",1,1,0,0,0,0,0
2023,11,"OPEL",1,0,0,0,0,1,0
2023,11,"PEUGEOT",2,0,0,0,0,2,0
2023,11,"POLESTAR",3,0,3,0,0,0,0
2023,11,"PORSCHE",4,0,4,0,0,0,0
2023,11,"SKODA",1,0,0,0,0,0,1
2023,11,"TESLA",28,0,0,0,0,28,0
2023,11,"TOYOTA",2,0,0,0,0,2,0
2023,11,"VOLKSWAGEN",0,0,0,0,0,0,0
2023,11,"VOLVO",9,0,0,0,0,9,0
2023,12,"AUDI",14,2,0,0,0,12,0
2023,12,"B.M.W.",88,0,56,0,0,32,0
2023,12,"BYD",273,3,67,9,0,194,0
2023,12,"CITROEN",6,0,0,0,0,6,0
2023,12,"FIAT",0,0,0,0,0,0,0
2023,12,"GREAT_WALL",15,15,0,0,0,0,0
2023,12,"HONDA",0,0,0,0,0,0,0
2023,12,"HYUNDAI",180,0,1,0,0,179,0
2023,12,"JAGUAR",4,0,0,0,0,4,0
2023,12,"KIA",9,0,0,0,0,9,0
2023,12,"LOTUS",0,0,0,0,0,0,0
2023,12,"M.G.",35,2,0,0,0,33,0
2023,12,"MAXUS",1,0,0,1,0,0,0
2023,12,"MAZDA",2,0,0,0,0,2,0
2023,12,"MERCEDES_BENZ",49,0,13,0,0,36,0
2023,12,"MINI",0,0,0,0,0,0,0
2023,12,"NISSAN",1,1,0,0,0,0,0
2023,12,"OPEL",1,0,0,1,0,0,0
2023,12,"PEUGEOT",19,0,0,0,0,19,0
2023,12,"POLESTAR",9,0,9,0,0,0,0
2023,12,"PORSCHE",20,1,16,0,2,0,1
2023,12,"SKODA",0,0,0,0,0,0,0
2023,12,"TESLA",216,0,168,0,0,48,0
2023,12,"TOYOTA",4,0,0,0,0,4,0
2023,12,"VOLKSWAGEN",0,0,0,0,0,0,0
2023,12,"VOLVO",16,0,0,0,0,16,0
2024,1,"AUDI",1,0,0,0,0,1,0
2024,1,"B.M.W.",129,0,66,0,0,63,0
2024,1,"BYD",262,5,10,14,0,233,0
2024,1,"CITROEN",4,0,1,0,0,3,0
2024,1,"GREAT_WALL",2,2,0,0,0,0,0
2024,1,"HYUNDAI",40,0,18,0,0,22,0
2024,1,"M.G.",33,15,0,2,0,16,0
2024,1,"MAXUS",5,0,0,5,0,0,0
2024,1,"MERCEDES_BENZ",14,0,11,0,0,3,0
2024,1,"OPEL",3,0,0,0,0,3,0
2024,1,"PEUGEOT",2,0,0,0,0,2,0
2024,1,"POLESTAR",6,0,6,0,0,0,0
2024,1,"PORSCHE",1,0,1,0,0,0,0
2024,1,"ROLLS_ROYCE",2,0,0,0,0,0,2
2024,1,"SMART",1,0,0,0,0,0,1
2024,1,"TESLA",104,0,102,0,0,2,0
2024,1,"TOYOTA",4,0,0,0,0,4,0
2024,1,"VOLKSWAGEN",5,5,0,0,0,0,0
2024,1,"VOLVO",17,0,0,0,0,17,0
2024,2,"AUDI",2,1,0,0,0,1,0
2024,2,"B.M.W.",133,0,36,0,0,97,0
2024,2,"BYD",424,6,60,2,0,356,0
2024,2,"CITROEN",2,0,0,0,0,2,0
2024,2,"GREAT_WALL",13,13,0,0,0,0,0
2024,2,"HYUNDAI",57,0,1,0,0,56,0
2024,2,"JAGUAR",1,0,0,0,0,1,0
2024,2,"KIA",2,0,0,0,0,2,0
2024,2,"M.G.",23,9,0,1,2,11,0
2024,2,"MAXUS",8,0,0,8,0,0,0
2024,2,"MAZDA",1,0,0,0,0,1,0
2024,2,"MERCEDES_BENZ",21,0,14,0,0,7,0
2024,2,"OPEL",0,0,0,0,0,0,0
2024,2,"PEUGEOT",6,0,0,0,0,6,0
2024,2,"POLESTAR",7,0,7,0,0,0,0
2024,2,"PORSCHE",7,0,7,0,0,0,0
2024,2,"ROLLS_ROYCE",0,0,0,0,0,0,0
2024,2,"SMART",1,0,0,0,0,0,1
2024,2,"TESLA",33,0,32,0,0,1,0
2024,2,"TOYOTA",3,0,0,0,0,3,0
2024,2,"VOLKSWAGEN",0,0,0,0,0,0,0
2024,2,"VOLVO",14,0,0,0,0,14,0
2024,3,"AUDI",1,0,0,0,0,1,0
2024,3,"B.M.W.",148,0,48,0,0,100,0
2024,3,"BYD",510,11,85,1,0,413,0
2024,3,"CITROEN",6,0,0,0,0,6,0
2024,3,"GREAT_WALL",26,26,0,0,0,0,0
2024,3,"HONDA",1,1,0,0,0,0,0
2024,3,"HYUNDAI",121,0,4,0,0,117,0
2024,3,"JAGUAR",0,0,0,0,0,0,0
2024,3,"KIA",3,0,0,0,0,3,0
2024,3,"LOTUS",5,0,0,0,0,5,0
2024,3,"M.G.",72,39,0,1,2,30,0
2024,3,"MAXUS",6,0,0,6,0,0,0
2024,3,"MAZDA",0,0,0,0,0,0,0
2024,3,"MERCEDES_BENZ",30,0,19,0,0,11,0
2024,3,"NISSAN",1,1,0,0,0,0,0
2024,3,"OPEL",9,2,0,0,0,7,0
2024,3,"PEUGEOT",5,0,0,0,0,5,0
2024,3,"POLESTAR",5,0,5,0,0,0,0
2024,3,"PORSCHE",6,0,6,0,0,0,0
2024,3,"ROLLS_ROYCE",2,0,0,0,0,0,2
2024,3,"SMART",0,0,0,0,0,0,0
2024,3,"TESLA",211,0,134,0,0,77,0
2024,3,"TOYOTA",0,0,0,0,0,0,0
2024,3,"VOLKSWAGEN",2,2,0,0,0,0,0
2024,3,"VOLVO",22,0,0,0,0,22,0
2024,4,"AUDI",1,0,0,0,0,1,0
2024,4,"B.M.W.",152,0,53,0,0,99,0
2024,4,"BYD",608,11,55,5,0,537,0
2024,4,"CHERY",1,0,0,0,0,1,0
2024,4,"CITROEN",19,0,15,0,0,4,0
2024,4,"GAC",3,0,0,0,0,3,0
2024,4,"GREAT_WALL",13,13,0,0,0,0,0
2024,4,"HONDA",1,1,0,0,0,0,0
2024,4,"HYUNDAI",107,0,20,0,0,87,0
2024,4,"JAGUAR",0,0,0,0,0,0,0
2024,4,"KIA",12,0,0,0,0,12,0
2024,4,"LOTUS",1,0,0,0,0,1,0
2024,4,"M.G.",63,36,0,0,2,25,0
2024,4,"MAXUS",3,0,0,3,0,0,0
2024,4,"MAZDA",2,0,0,0,0,2,0
2024,4,"MERCEDES_BENZ",43,0,14,1,0,28,0
2024,4,"MINI",2,2,0,0,0,0,0
2024,4,"NISSAN",0,0,0,0,0,0,0
2024,4,"OPEL",1,0,0,0,0,1,0
2024,4,"PEUGEOT",5,0,0,0,0,5,0
2024,4,"POLESTAR",7,0,7,0,0,0,0
2024,4,"PORSCHE",7,0,7,0,0,0,0
2024,4,"ROLLS_ROYCE",1,0,0,0,0,0,1
2024,4,"SMART",2,0,0,0,0,2,0
2024,4,"TESLA",105,0,4,0,0,101,0
2024,4,"TOYOTA",6,0,0,0,0,6,0
2024,4,"VOLKSWAGEN",0,0,0,0,0,0,0
2024,4,"VOLVO",32,0,0,0,0,32,0
2024,5,"AUDI",6,0,0,0,0,6,0
2024,5,"B.M.W.",112,0,40,0,0,72,0
2024,5,"BYD",380,3,53,2,0,322,0
2024,5,"CHERY",7,0,0,0,0,7,0
2024,5,"CITROEN",13,0,12,0,0,1,0
2024,5,"GAC",25,0,1,0,0,24,0
2024,5,"GREAT_WALL",13,13,0,0,0,0,0
2024,5,"HONDA",1,1,0,0,0,0,0
2024,5,"HYUNDAI",87,0,24,0,0,63,0
2024,5,"JAGUAR",0,0,0,0,0,0,0
2024,5,"KIA",4,0,0,0,0,4,0
2024,5,"LOTUS",2,0,0,0,0,2,0
2024,5,"M.G.",47,23,0,0,2,22,0
2024,5,"MAXUS",7,0,0,7,0,0,0
2024,5,"MAZDA",1,0,0,0,0,1,0
2024,5,"MERCEDES_BENZ",29,0,10,2,0,17,0
2024,5,"MINI",1,1,0,0,0,0,0
2024,5,"NISSAN",1,1,0,0,0,0,0
2024,5,"OPEL",2,0,0,2,0,0,0
2024,5,"PEUGEOT",6,0,0,0,0,6,0
2024,5,"POLESTAR",11,0,11,0,0,0,0
2024,5,"PORSCHE",6,0,6,0,0,0,0
2024,5,"ROLLS_ROYCE",3,0,0,0,0,0,3
2024,5,"SMART",0,0,0,0,0,0,0
2024,5,"TESLA",208,0,123,0,0,85,0
2024,5,"TOYOTA",3,0,0,0,0,3,0
2024,5,"VOLKSWAGEN",28,0,0,0,0,28,0
2024,5,"VOLVO",34,0,0,0,0,34,0
2024,6,"AUDI",13,0,0,0,0,13,0
2024,6,"B.M.W.",155,0,50,0,0,105,0
2024,6,"BYD",403,7,74,3,0,319,0
2024,6,"CHERY",10,0,0,0,0,10,0
2024,6,"CITROEN",11,0,7,0,0,4,0
2024,6,"GAC",18,0,0,0,0,18,0
2024,6,"GREAT_WALL",21,21,0,0,0,0,0
2024,6,"HONDA",0,0,0,0,0,0,0
2024,6,"HYUNDAI",51,0,0,0,0,51,0
2024,6,"JAGUAR",1,0,0,0,0,1,0
2024,6,"KIA",8,0,0,0,0,8,0
2024,6,"LOTUS",0,0,0,0,0,0,0
2024,6,"M.G.",37,20,0,0,1,16,0
2024,6,"MAXUS",8,0,0,8,0,0,0
2024,6,"MAZDA",0,0,0,0,0,0,0
2024,6,"MERCEDES_BENZ",64,0,19,1,0,44,0
2024,6,"MINI",0,0,0,0,0,0,0
2024,6,"NISSAN",0,0,0,0,0,0,0
2024,6,"OPEL",9,0,0,5,0,4,0
2024,6,"PEUGEOT",3,0,0,0,0,3,0
2024,6,"POLESTAR",6,0,6,0,0,0,0
2024,6,"PORSCHE",2,0,2,0,0,0,0
2024,6,"ROLLS_ROYCE",2,0,0,0,0,0,2
2024,6,"SKODA",2,0,0,0,0,2,0
2024,6,"SMART",10,0,0,0,0,10,0
2024,6,"TESLA",308,0,230,0,0,78,0
2024,6,"TOYOTA",6,0,0,0,0,6,0
2024,6,"VOLKSWAGEN",22,0,0,0,0,22,0
2024,6,"VOLVO",30,0,0,0,0,30,0
2024,7,"AUDI",21,0,0,0,0,21,0
2024,7,"B.M.W.",108,0,41,0,0,67,0
2024,7,"BYD",518,14,168,3,0,333,0
2024,7,"CHERY",13,0,0,0,0,13,0
2024,7,"CITROEN",3,0,3,0,0,0,0
2024,7,"GAC",72,0,2,0,0,70,0
2024,7,"GREAT_WALL",19,19,0,0,0,0,0
2024,7,"HONDA",1,1,0,0,0,0,0
2024,7,"HYUNDAI",75,0,3,0,0,72,0
2024,7,"KIA",7,0,0,0,0,7,0
2024,7,"LOTUS",2,0,1,0,0,1,0
2024,7,"M.G.",30,13,0,7,2,8,0
2024,7,"MAXUS",5,0,0,5,0,0,0
2024,7,"MERCEDES_BENZ",25,0,6,1,0,18,0
2024,7,"MINI",12,5,0,0,7,0,0
2024,7,"NISSAN",1,1,0,0,0,0,0
2024,7,"OPEL",4,0,0,0,0,4,0
2024,7,"PEUGEOT",7,0,0,0,0,7,0
2024,7,"POLESTAR",7,0,7,0,0,0,0
2024,7,"PORSCHE",12,0,11,0,0,0,1
2024,7,"ROLLS_ROYCE",2,0,0,0,0,0,2
2024,7,"SKODA",11,0,0,0,0,11,0
2024,7,"SMART",8,0,0,0,0,6,2
2024,7,"TESLA",174,0,100,0,0,74,0
2024,7,"TOYOTA",1,0,0,0,0,1,0
2024,7,"VOLKSWAGEN",19,0,0,0,0,19,0
2024,7,"VOLVO",36,0,0,0,0,36,0
2024,7,"XPENG",2,0,0,0,0,2,0
2024,7,"ZEEKR",2,0,0,0,0,2,0
2024,8,"AUDI",24,0,0,0,0,24,0
2024,8,"B.M.W.",146,0,31,0,2,113,0
2024,8,"BYD",504,5,128,8,0,363,0
2024,8,"CHERY",9,0,0,0,0,9,0
2024,8,"CITROEN",2,0,2,0,0,0,0
2024,8,"GAC",63,0,2,0,0,61,0
2024,8,"GREAT_WALL",14,14,0,0,0,0,0
2024,8,"HONDA",0,0,0,0,0,0,0
2024,8,"HYUNDAI",50,0,1,0,0,49,0
2024,8,"KIA",2,0,0,0,0,2,0
2024,8,"LOTUS",0,0,0,0,0,0,0
2024,8,"M.G.",52,19,0,2,0,31,0
2024,8,"MAXUS",4,0,0,4,0,0,0
2024,8,"MERCEDES_BENZ",63,0,23,1,0,39,0
2024,8,"MINI",18,8,0,0,10,0,0
2024,8,"NISSAN",2,1,0,0,0,1,0
2024,8,"OPEL",3,0,0,0,0,3,0
2024,8,"PEUGEOT",8,0,0,0,0,8,0
2024,8,"POLESTAR",4,0,2,0,0,2,0
2024,8,"PORSCHE",6,0,5,0,1,0,0
2024,8,"ROLLS_ROYCE",0,0,0,0,0,0,0
2024,8,"SERES",1,0,0,0,0,1,0
2024,8,"SKODA",7,0,0,0,0,7,0
2024,8,"SMART",2,0,0,0,0,2,0
2024,8,"TESLA",308,0,186,0,0,122,0
2024,8,"TOYOTA",0,0,0,0,0,0,0
2024,8,"VOLKSWAGEN",33,2,0,0,0,31,0
2024,8,"VOLVO",24,0,0,0,0,24,0
2024,8,"XPENG",43,0,0,0,0,43,0
2024,8,"ZEEKR",19,0,0,0,0,19,0
2024,9,"AUDI",13,0,0,0,0,13,0
2024,9,"B.M.W.",120,0,32,0,2,86,0
2024,9,"BYD",439,7,132,22,0,278,0
2024,9,"CHERY",11,0,0,0,0,11,0
2024,9,"CITROEN",7,0,7,0,0,0,0
2024,9,"GAC",42,0,1,0,0,41,0
2024,9,"GREAT_WALL",6,6,0,0,0,0,0
2024,9,"HONDA",0,0,0,0,0,0,0
2024,9,"HYUNDAI",35,0,12,0,0,23,0
2024,9,"KIA",8,0,0,0,0,8,0
2024,9,"LOTUS",0,0,0,0,0,0,0
2024,9,"M.G.",28,11,0,2,0,15,0
2024,9,"MAXUS",9,0,0,9,0,0,0
2024,9,"MERCEDES_BENZ",32,0,7,0,0,25,0
2024,9,"MINI",15,7,0,0,8,0,0
2024,9,"NISSAN",2,2,0,0,0,0,0
2024,9,"OPEL",6,0,0,3,0,3,0
2024,9,"PEUGEOT",5,0,0,0,0,5,0
2024,9,"POLESTAR",10,0,1,0,0,9,0
2024,9,"PORSCHE",15,1,10,0,2,0,2
2024,9,"ROLLS_ROYCE",1,0,0,0,0,0,1
2024,9,"SERES",0,0,0,0,0,0,0
2024,9,"SKODA",1,0,0,0,0,1,0
2024,9,"SMART",1,0,0,0,0,1,0
2024,9,"TESLA",354,0,217,0,0,137,0
2024,9,"TOYOTA",3,0,0,0,0,3,0
2024,9,"VOLKSWAGEN",16,0,0,0,0,16,0
2024,9,"VOLVO",28,0,0,0,0,28,0
2024,9,"XPENG",90,0,0,0,0,90,0
2024,9,"ZEEKR",17,0,0,2,0,15,0
2024,10,"AUDI",7,0,0,0,0,7,0
2024,10,"B.M.W.",157,0,54,0,0,103,0
2024,10,"BYD",512,10,78,155,0,269,0
2024,10,"CHERY",15,0,0,0,0,15,0
2024,10,"CITROEN",5,0,4,0,0,1,0
2024,10,"GAC",39,0,0,0,0,39,0
2024,10,"GREAT_WALL",12,12,0,0,0,0,0
2024,10,"HONDA",0,0,0,0,0,0,0
2024,10,"HYUNDAI",32,0,5,0,0,27,0
2024,10,"KIA",1,0,0,0,0,1,0
2024,10,"LOTUS",0,0,0,0,0,0,0
2024,10,"M.G.",31,11,0,1,0,18,1
2024,10,"MAXUS",17,0,0,17,0,0,0
2024,10,"MERCEDES_BENZ",47,0,5,0,0,42,0
2024,10,"MINI",29,22,0,0,7,0,0
2024,10,"NISSAN",0,0,0,0,0,0,0
2024,10,"OPEL",0,0,0,0,0,0,0
2024,10,"PEUGEOT",4,0,0,0,0,4,0
2024,10,"POLESTAR",21,0,10,0,0,11,0
2024,10,"PORSCHE",14,0,10,0,1,3,0
2024,10,"ROLLS_ROYCE",0,0,0,0,0,0,0
2024,10,"SERES",0,0,0,0,0,0,0
2024,10,"SKODA",10,0,0,0,0,10,0
2024,10,"SMART",7,0,0,0,0,7,0
2024,10,"TESLA",61,0,47,0,0,14,0
2024,10,"TOYOTA",11,0,0,0,0,11,0
2024,10,"VOLKSWAGEN",22,1,0,1,0,20,0
2024,10,"VOLVO",26,0,0,0,0,26,0
2024,10,"XPENG",77,0,0,0,0,77,0
2024,10,"ZEEKR",27,0,0,12,0,15,0
2024,11,"AUDI",25,0,0,0,0,25,0
2024,11,"B.M.W.",132,0,42,0,1,89,0
2024,11,"BYD",508,3,34,344,0,127,0
2024,11,"CHERY",22,0,0,0,0,22,0
2024,11,"CITROEN",2,0,2,0,0,0,0
2024,11,"DONGFENG",3,3,0,0,0,0,0
2024,11,"GAC",31,0,0,0,0,31,0
2024,11,"GREAT_WALL",3,3,0,0,0,0,0
2024,11,"HONDA",0,0,0,0,0,0,0
2024,11,"HYUNDAI",26,0,8,0,0,18,0
2024,11,"KIA",1,0,0,0,0,1,0
2024,11,"LOTUS",1,0,0,0,0,1,0
2024,11,"M.G.",17,5,0,2,1,8,1
2024,11,"MAXUS",10,0,0,10,0,0,0
2024,11,"MERCEDES_BENZ",48,0,7,0,0,41,0
2024,11,"MINI",15,8,0,0,7,0,0
2024,11,"NETA",2,0,0,0,0,2,0
2024,11,"NISSAN",0,0,0,0,0,0,0
2024,11,"OPEL",0,0,0,0,0,0,0
2024,11,"PEUGEOT",2,0,0,0,0,2,0
2024,11,"POLESTAR",33,0,18,0,0,15,0
2024,11,"PORSCHE",65,0,5,0,1,59,0
2024,11,"ROLLS_ROYCE",0,0,0,0,0,0,0
2024,11,"SERES",0,0,0,0,0,0,0
2024,11,"SKODA",4,0,0,0,0,4,0
2024,11,"SMART",5,0,0,0,0,5,0
2024,11,"TESLA",224,0,168,0,0,56,0
2024,11,"TOYOTA",6,0,0,0,0,6,0
2024,11,"VOLKSWAGEN",27,0,0,9,0,18,0
2024,11,"VOLVO",25,0,0,0,0,25,0
2024,11,"XPENG",55,0,0,0,0,55,0
2024,11,"ZEEKR",17,0,0,8,0,9,0
2024,12,"AUDI",22,0,0,0,0,22,0
2024,12,"B.M.W.",144,0,58,0,1,84,1
2024,12,"BYD",1123,9,138,504,0,472,0
2024,12,"CHERY",25,0,0,0,0,25,0
2024,12,"CITROEN",5,0,2,0,0,3,0
2024,12,"DONGFENG",19,19,0,0,0,0,0
2024,12,"GAC",17,0,0,0,0,17,0
2024,12,"GREAT_WALL",5,5,0,0,0,0,0
2024,12,"HONDA",0,0,0,0,0,0,0
2024,12,"HYUNDAI",27,0,12,0,0,15,0
2024,12,"KIA",0,0,0,0,0,0,0
2024,12,"LOTUS",0,0,0,0,0,0,0
2024,12,"M.G.",28,2,0,4,16,5,1
2024,12,"MAXUS",8,0,0,8,0,0,0
2024,12,"MERCEDES_BENZ",25,0,8,0,0,17,0
2024,12,"MINI",11,6,0,0,5,0,0
2024,12,"NETA",0,0,0,0,0,0,0
2024,12,"NISSAN",4,0,0,0,0,4,0
2024,12,"OPEL",1,0,0,0,0,1,0
2024,12,"PEUGEOT",6,0,0,0,0,6,0
2024,12,"POLESTAR",23,0,15,0,0,8,0
2024,12,"PORSCHE",84,0,4,0,0,80,0
2024,12,"ROLLS_ROYCE",0,0,0,0,0,0,0
2024,12,"SERES",0,0,0,0,0,0,0
2024,12,"SKODA",3,0,0,0,0,2,1
2024,12,"SMART",4,0,0,0,0,4,0
2024,12,"TESLA",294,0,175,0,0,119,0
2024,12,"TOYOTA",3,0,0,0,0,3,0
2024,12,"VOLKSWAGEN",16,0,0,3,0,13,0
2024,12,"VOLVO",31,0,0,0,0,31,0
2024,12,"XPENG",69,0,0,0,0,69,0
2024,12,"ZEEKR",17,0,0,6,0,11,0
2025,1,"AUDI",7,0,0,0,0,7,0
2025,1,"B.M.W.",108,0,25,0,0,83,0
2025,1,"BYD",566,4,50,272,0,240,0
2025,1,"CHERY",28,0,0,0,0,28,0
2025,1,"CITROEN",3,0,1,0,0,2,0
2025,1,"DONGFENG",10,10,0,0,0,0,0
2025,1,"GAC",15,0,0,0,0,15,0
2025,1,"GREAT_WALL",7,7,0,0,0,0,0
2025,1,"HYUNDAI",18,0,9,0,0,9,0
2025,1,"KIA",1,0,0,0,0,1,0
2025,1,"LOTUS",2,0,2,0,0,0,0
2025,1,"M.G.",37,18,0,3,0,8,8
2025,1,"MAXUS",7,0,0,7,0,0,0
2025,1,"MERCEDES_BENZ",74,0,16,0,0,58,0
2025,1,"MINI",14,11,0,0,3,0,0
2025,1,"NETA",2,0,0,0,0,2,0
2025,1,"NISSAN",1,0,0,0,0,1,0
2025,1,"PEUGEOT",6,0,0,0,0,6,0
2025,1,"POLESTAR",11,0,6,0,0,5,0
2025,1,"PORSCHE",28,1,0,0,0,27,0
2025,1,"ROLLS_ROYCE",1,0,0,0,0,0,1
2025,1,"SKODA",1,0,0,0,0,1,0
2025,1,"SKYWORTH",2,0,0,0,0,2,0
2025,1,"SMART",4,0,0,0,0,4,0
2025,1,"TOYOTA",1,0,0,0,0,1,0
2025,1,"VOLKSWAGEN",9,0,0,2,0,7,0
2025,1,"VOLVO",17,0,0,0,0,17,0
2025,1,"XPENG",36,0,0,0,0,36,0
2025,1,"ZEEKR",21,0,0,12,0,9,0
2025,2,"AUDI",6,0,0,0,0,6,0
2025,2,"B.M.W.",109,0,20,0,3,86,0
2025,2,"BYD",801,4,48,0,0,370,0
2025,2,"CHERY",23,0,0,0,0,23,0
2025,2,"CITROEN",5,0,2,0,0,3,0
2025,2,"DEEPAL",1,0,0,0,0,1,0
2025,2,"DONGFENG",49,49,0,0,0,0,0
2025,2,"GAC",63,0,2,0,0,61,0
2025,2,"GREAT_WALL",12,10,2,0,0,0,0
2025,2,"HYUNDAI",51,0,4,0,0,47,0
2025,2,"KIA",1,0,0,0,0,1,0
2025,2,"LOTUS",2,0,1,0,0,1,0
2025,2,"M.G.",39,25,0,0,0,10,4
2025,2,"MAXUS",20,0,0,0,0,0,0
2025,2,"MERCEDES_BENZ",45,0,5,0,0,40,0
2025,2,"MINI",12,10,0,0,2,0,0
2025,2,"NETA",0,0,0,0,0,0,0
2025,2,"NISSAN",1,1,0,0,0,0,0
2025,2,"PEUGEOT",6,0,0,0,0,6,0
2025,2,"POLESTAR",10,0,4,0,0,6,0
2025,2,"PORSCHE",38,0,6,0,0,32,0
2025,2,"ROLLS_ROYCE",0,0,0,0,0,0,0
2025,2,"SKODA",1,0,0,0,0,1,0
2025,2,"SKYWORTH",1,0,0,0,0,1,0
2025,2,"SMART",3,1,0,0,0,2,0
2025,2,"TESLA",262,0,231,0,0,31,0
2025,2,"TOYOTA",2,0,0,0,0,2,0
2025,2,"VOLKSWAGEN",10,0,0,0,0,6,0
2025,2,"VOLVO",17,0,0,0,0,17,0
2025,2,"XPENG",59,0,0,0,0,59,0
2025,2,"ZEEKR",19,0,0,0,0,10,0
2025,3,"AUDI",14,0,0,0,0,14,0
2025,3,"B.M.W.",144,0,31,0,4,109,0
2025,3,"BYD",816,0,59,162,0,595,0
2025,3,"CHERY",20,0,0,0,0,20,0
2025,3,"CITROEN",2,0,1,1,0,0,0
2025,3,"CUPRA",5,0,0,0,0,5,0
2025,3,"DEEPAL",3,0,0,0,0,3,0
2025,3,"DONGFENG",25,25,0,0,0,0,0
2025,3,"GAC",81,0,0,0,0,81,0
2025,3,"GREAT_WALL",15,12,3,0,0,0,0
2025,3,"HYUNDAI",43,0,6,0,0,37,0
2025,3,"KIA",2,0,0,0,0,2,0
2025,3,"LOTUS",1,0,0,0,0,1,0
2025,3,"M.G.",27,13,0,1,0,11,2
2025,3,"MAXUS",11,0,0,11,0,0,0
2025,3,"MERCEDES_BENZ",50,0,12,0,0,38,0
2025,3,"MINI",17,15,0,0,2,0,0
2025,3,"NETA",0,0,0,0,0,0,0
2025,3,"NISSAN",2,2,0,0,0,0,0
2025,3,"OPEL",3,0,0,0,0,3,0
2025,3,"PEUGEOT",0,0,0,0,0,0,0
2025,3,"POLESTAR",26,0,15,0,0,11,0
2025,3,"PORSCHE",39,0,3,0,1,34,1
2025,3,"ROLLS_ROYCE",0,0,0,0,0,0,0
2025,3,"SEAT",1,1,0,0,0,0,0
2025,3,"SKODA",2,0,0,0,0,2,0
2025,3,"SKYWORTH",2,0,0,0,0,2,0
2025,3,"SMART",11,0,0,0,0,11,0
2025,3,"TESLA",151,0,144,0,0,7,0
2025,3,"TOYOTA",3,0,0,0,0,3,0
2025,3,"VOLKSWAGEN",9,0,0,5,0,4,0
2025,3,"VOLVO",35,0,0,0,0,35,0
2025,3,"XPENG",95,0,0,44,0,51,0
2025,3,"ZEEKR",23,0,0,10,0,13,0