"year","month","manufacturer","market_percent_total","total_registered"
2023,1,"VOLKSWAGEN_GROUP",26.1,238000
2023,1,"VOLKSWAGEN",11,100213
2023,1,"SKODA",5.6,51241
2023,1,"AUDI",5.3,48241
2023,1,"SEAT",2.3,20968
2023,1,"PORSCHE",0.9,8597
2023,1,"CUPRA",0.9,8249
2023,1,"STELLANTIS",17.2,156553
2023,1,"PEUGEOT",5.1,46789
2023,1,"FIAT",3.5,31828
2023,1,"OPEL_VAUXHALL",3.2,29048
2023,1,"CITROEN",3,27152
2023,1,"JEEP",1.1,9927
2023,1,"DS",0.4,3954
2023,1,"LANCIA_CHRYSLER",0.4,3586
2023,1,"ALFA_ROMEO",0.4,3430
2023,1,"RENAULT_GROUP",10.4,94889
2023,1,"DACIA",5.3,47998
2023,1,"RENAULT",5.1,46714
2023,1,"ALPINE",0,177
2023,1,"HYUNDAI_GROUP",9.4,85444
2023,1,"KIA",5.1,46094
2023,1,"HYUNDAI",4.3,39350
2023,1,"TOYOTA_GROUP",8,73299
2023,1,"TOYOTA",7.7,69978
2023,1,"LEXUS",0.4,3321
2023,1,"BMW_GROUP",6.1,55448
2023,1,"BMW",5,45147
2023,1,"MINI",1.1,10300
2023,1,"MERCEDES_BENZ",4.6,42258
2023,1,"MERCEDES",4.5,40869
2023,1,"SMART",0.2,1389
2023,1,"FORD",4.1,37609
2023,1,"VOLVO_CARS",2.3,20736
2023,1,"NISSAN",2.1,19343
2023,1,"MAZDA",1.6,14950
2023,1,"SUZUKI",1.4,12581
2023,1,"JAGUAR_LAND_ROVER_GROUP",1.1,9729
2023,1,"LAND_ROVER",0.9,8008
2023,1,"JAGUAR",0.2,1721
2023,1,"TESLA",1.2,9469
2023,1,"HONDA",0.5,4690
2023,1,"MITSUBISHI",0.3,2496
2023,2,"VOLKSWAGEN_GROUP",26.1,235404
2023,2,"VOLKSWAGEN",10.7,96864
2023,2,"SKODA",5.6,50851
2023,2,"AUDI",5.5,49456
2023,2,"SEAT",2.3,20671
2023,2,"CUPRA",1.2,10588
2023,2,"PORSCHE",0.7,6557
2023,2,"STELLANTIS",18.5,167097
2023,2,"PEUGEOT",5.9,53527
2023,2,"OPEL_VAUXHALL",3.7,33807
2023,2,"FIAT",3.4,30590
2023,2,"CITROEN",3.2,28925
2023,2,"JEEP",1.1,9726
2023,2,"DS",0.5,4102
2023,2,"ALFA_ROMEO",0.4,3384
2023,2,"LANCIA_CHRYSLER",0.3,2463
2023,2,"RENAULT_GROUP",10.1,91352
2023,2,"RENAULT",5.1,46482
2023,2,"DACIA",5,44760
2023,2,"ALPINE",0,110
2023,2,"HYUNDAI_GROUP",8.6,77375
2023,2,"KIA",4.4,39424
2023,2,"HYUNDAI",4.2,37951
2023,2,"TOYOTA_GROUP",7.2,65059
2023,2,"TOYOTA",6.9,62067
2023,2,"LEXUS",0.3,2992
2023,2,"BMW_GROUP",6.2,56092
2023,2,"BMW",4.9,44667
2023,2,"MINI",1.3,11425
2023,2,"MERCEDES_BENZ",5.5,50017
2023,2,"MERCEDES",5.4,48565
2023,2,"SMART",0.2,1452
2023,2,"FORD",4.3,39209
2023,2,"VOLVO_CARS",2.2,19996
2023,2,"NISSAN",2.1,19377
2023,2,"TESLA",2.9,23449
2023,2,"MAZDA",1.4,12487
2023,2,"SUZUKI",1.3,12051
2023,2,"JAGUAR_LAND_ROVER_GROUP",0.8,7005
2023,2,"LAND_ROVER",0.7,5893
2023,2,"JAGUAR",0.1,1112
2023,2,"HONDA",0.4,3681
2023,2,"MITSUBISHI",0.3,2397
2023,3,"VOLKSWAGEN_GROUP",24.4,346314
2023,3,"VOLKSWAGEN",9.7,137461
2023,3,"AUDI",5.7,81675
2023,3,"SKODA",4.7,66529
2023,3,"SEAT",2,28650
2023,3,"CUPRA",1.4,19971
2023,3,"PORSCHE",0.8,11315
2023,3,"STELLANTIS",17.7,251122
2023,3,"PEUGEOT",5.6,79371
2023,3,"OPEL_VAUXHALL",3.8,53887
2023,3,"FIAT",2.9,40952
2023,3,"CITROEN",3.3,47024
2023,3,"JEEP",0.9,12455
2023,3,"DS",0.4,5696
2023,3,"ALFA_ROMEO",0.4,5642
2023,3,"LANCIA_CHRYSLER",0.4,5072
2023,3,"RENAULT_GROUP",8.5,120321
2023,3,"RENAULT",4.6,65927
2023,3,"DACIA",3.8,54199
2023,3,"ALPINE",0,195
2023,3,"HYUNDAI_GROUP",8.4,119394
2023,3,"KIA",4.4,63053
2023,3,"HYUNDAI",4,56341
2023,3,"TOYOTA_GROUP",6.6,94264
2023,3,"TOYOTA",6.3,89678
2023,3,"LEXUS",0.3,4586
2023,3,"BMW_GROUP",6.9,97440
2023,3,"BMW",5.2,74311
2023,3,"MINI",1.6,23129
2023,3,"MERCEDES_BENZ",5.6,79520
2023,3,"MERCEDES",5.4,76955
2023,3,"SMART",0.2,2565
2023,3,"FORD",4.3,61545
2023,3,"TESLA",4.3,60866
2023,3,"NISSAN",3,43145
2023,3,"VOLVO_CARS",2,29134
2023,3,"MAZDA",1.7,23618
2023,3,"SUZUKI",1.4,19718
2023,3,"JAGUAR_LAND_ROVER_GROUP",1.5,21691
2023,3,"LAND_ROVER",1.3,18411
2023,3,"JAGUAR",0.2,3280
2023,3,"HONDA",0.5,7775
2023,3,"MITSUBISHI",0.3,3779
2023,4,"VOLKSWAGEN_GROUP",27.3,263871
2023,4,"VOLKSWAGEN",11.1,106787
2023,4,"AUDI",6.1,59190
2023,4,"SKODA",5.5,53438
2023,4,"SEAT",2.1,20321
2023,4,"CUPRA",1.6,15345
2023,4,"PORSCHE",0.9,8245
2023,4,"STELLANTIS",17.5,169022
2023,4,"PEUGEOT",5.4,52104
2023,4,"OPEL_VAUXHALL",3.9,37373
2023,4,"FIAT",3.1,30167
2023,4,"CITROEN",2.9,27686
2023,4,"JEEP",0.9,8688
2023,4,"DS",0.4,4095
2023,4,"ALFA_ROMEO",0.5,4548
2023,4,"LANCIA_CHRYSLER",0.4,3723
2023,4,"RENAULT_GROUP",10.2,97980
2023,4,"RENAULT",5.5,53164
2023,4,"DACIA",4.6,44590
2023,4,"ALPINE",0,226
2023,4,"HYUNDAI_GROUP",9.3,89804
2023,4,"KIA",5.2,50062
2023,4,"HYUNDAI",4.1,39742
2023,4,"TOYOTA_GROUP",6.2,59710
2023,4,"TOYOTA",5.7,55407
2023,4,"LEXUS",0.4,4303
2023,4,"BMW_GROUP",6.9,66550
2023,4,"BMW",5.5,52745
2023,4,"MINI",1.4,13804
2023,4,"MERCEDES_BENZ",5.4,51659
2023,4,"MERCEDES",5.1,49474
2023,4,"SMART",0.2,2185
2023,4,"FORD",4.2,40998
2023,4,"TESLA",1.5,14030
2023,4,"NISSAN",1.9,18602
2023,4,"VOLVO_CARS",2.2,21043
2023,4,"MAZDA",1.2,11698
2023,4,"SUZUKI",1.3,12682
2023,4,"JAGUAR_LAND_ROVER_GROUP",1.1,10880
2023,4,"LAND_ROVER",1,9476
2023,4,"JAGUAR",0.1,1404
2023,4,"HONDA",0.4,3933
2023,4,"MITSUBISHI",0.3,3147
2023,5,"VOLKSWAGEN_GROUP",25.8,289451
2023,5,"VOLKSWAGEN",10.5,118169
2023,5,"AUDI",5.9,65673
2023,5,"SKODA",5.1,57634
2023,5,"SEAT",1.8,20593
2023,5,"CUPRA",1.6,17913
2023,5,"PORSCHE",0.8,8582
2023,5,"STELLANTIS",17,190688
2023,5,"PEUGEOT",5.5,61644
2023,5,"OPEL_VAUXHALL",3.6,40841
2023,5,"FIAT",2.8,31479
2023,5,"CITROEN",2.7,30325
2023,5,"JEEP",1,11150
2023,5,"DS",0.4,5000
2023,5,"ALFA_ROMEO",0.4,4729
2023,5,"LANCIA_CHRYSLER",0.4,4706
2023,5,"RENAULT_GROUP",9.9,110549
2023,5,"RENAULT",5.5,62073
2023,5,"DACIA",4.3,48022
2023,5,"ALPINE",0,454
2023,5,"HYUNDAI_GROUP",8.7,97081
2023,5,"KIA",4.6,51513
2023,5,"HYUNDAI",4.1,45568
2023,5,"TOYOTA_GROUP",6.7,74604
2023,5,"TOYOTA",6.1,68779
2023,5,"LEXUS",0.5,5825
2023,5,"BMW_GROUP",7.6,84781
2023,5,"BMW",6.2,69499
2023,5,"MINI",1.4,15282
2023,5,"MERCEDES_BENZ",4.9,55324
2023,5,"MERCEDES",4.7,53045
2023,5,"SMART",0.2,2279
2023,5,"FORD",4,44900
2023,5,"TESLA",2.6,29600
2023,5,"NISSAN",1.8,20703
2023,5,"VOLVO_CARS",2.4,26804
2023,5,"MAZDA",1.2,13602
2023,5,"SUZUKI",1.4,15987
2023,5,"JAGUAR_LAND_ROVER_GROUP",1,10685
2023,5,"LAND_ROVER",0.8,8476
2023,5,"JAGUAR",0.2,2209
2023,5,"HONDA",0.3,3729
2023,5,"MITSUBISHI",0.3,3814
2023,6,"VOLKSWAGEN_GROUP",25.7,325612
2023,6,"VOLKSWAGEN",10.9,137923
2023,6,"AUDI",5.7,72317
2023,6,"SKODA",4.9,61479
2023,6,"SEAT",1.9,24090
2023,6,"CUPRA",1.5,19590
2023,6,"PORSCHE",0.7,9320
2023,6,"STELLANTIS",16.6,210495
2023,6,"PEUGEOT",5.1,64485
2023,6,"OPEL_VAUXHALL",3.8,47555
2023,6,"FIAT",2.8,35034
2023,6,"CITROEN",2.8,35334
2023,6,"JEEP",0.9,11975
2023,6,"DS",0.4,5301
2023,6,"ALFA_ROMEO",0.4,5496
2023,6,"LANCIA_CHRYSLER",0.3,4351
2023,6,"RENAULT_GROUP",10.5,133110
2023,6,"RENAULT",6.1,76865
2023,6,"DACIA",4.4,55663
2023,6,"ALPINE",0,582
2023,6,"HYUNDAI_GROUP",8.4,106605
2023,6,"KIA",4.3,54611
2023,6,"HYUNDAI",4.1,51994
2023,6,"TOYOTA_GROUP",6.4,81607
2023,6,"TOYOTA",5.9,75131
2023,6,"LEXUS",0.5,6476
2023,6,"BMW_GROUP",6.6,83729
2023,6,"BMW",5.2,66186
2023,6,"MINI",1.4,17544
2023,6,"MERCEDES_BENZ",5,63239
2023,6,"MERCEDES",4.8,60966
2023,6,"SMART",0.2,2273
2023,6,"FORD",4,51234
2023,6,"TESLA",3.8,47606
2023,6,"NISSAN",2.1,26785
2023,6,"VOLVO_CARS",2,25660
2023,6,"MAZDA",1.4,17325
2023,6,"SUZUKI",1.3,16718
2023,6,"JAGUAR_LAND_ROVER_GROUP",1.1,13648
2023,6,"LAND_ROVER",0.9,11030
2023,6,"JAGUAR",0.2,2618
2023,6,"MITSUBISHI",0.3,4389
2023,6,"HONDA",0.4,4826
2023,7,"VOLKSWAGEN_GROUP",27.4,280294
2023,7,"VOLKSWAGEN",11,112847
2023,7,"AUDI",5.9,60540
2023,7,"SKODA",5.6,57600
2023,7,"SEAT",2.2,22065
2023,7,"CUPRA",1.8,18584
2023,7,"PORSCHE",0.8,7874
2023,7,"STELLANTIS",15.7,160251
2023,7,"PEUGEOT",4.5,46193
2023,7,"OPEL_VAUXHALL",3.4,34391
2023,7,"FIAT",3.1,31398
2023,7,"CITROEN",2.5,25735
2023,7,"JEEP",1,10538
2023,7,"DS",0.4,3788
2023,7,"ALFA_ROMEO",0.4,4060
2023,7,"LANCIA_CHRYSLER",0.3,3354
2023,7,"RENAULT_GROUP",9.4,95740
2023,7,"RENAULT",5.1,52528
2023,7,"DACIA",4.2,42757
2023,7,"ALPINE",0,455
2023,7,"HYUNDAI_GROUP",9.5,96672
2023,7,"KIA",4.8,49099
2023,7,"HYUNDAI",4.7,47573
2023,7,"TOYOTA_GROUP",6.8,69795
2023,7,"TOYOTA",6.4,65125
2023,7,"LEXUS",0.5,4670
2023,7,"BMW_GROUP",7,71920
2023,7,"BMW",5.5,56745
2023,7,"MINI",1.5,15175
2023,7,"MERCEDES_BENZ",5,51202
2023,7,"MERCEDES",4.8,48964
2023,7,"SMART",0.2,2238
2023,7,"FORD",4.1,41507
2023,7,"TESLA",1.7,17842
2023,7,"NISSAN",2.2,22164
2023,7,"VOLVO_CARS",2.1,21100
2023,7,"MAZDA",1.3,13078
2023,7,"SUZUKI",1.5,15077
2023,7,"JAGUAR_LAND_ROVER_GROUP",1.2,12263
2023,7,"LAND_ROVER",1,10348
2023,7,"JAGUAR",0.2,1915
2023,7,"HONDA",0.5,4916
2023,7,"MITSUBISHI",0.3,2918
2023,8,"VOLKSWAGEN_GROUP",26.6,240482
2023,8,"VOLKSWAGEN",11,99333
2023,8,"AUDI",5.7,51264
2023,8,"SKODA",5.6,50414
2023,8,"SEAT",1.8,16163
2023,8,"CUPRA",1.9,16880
2023,8,"PORSCHE",0.7,5919
2023,8,"STELLANTIS",16.1,145392
2023,8,"PEUGEOT",4.6,42035
2023,8,"OPEL_VAUXHALL",3.7,33782
2023,8,"FIAT",2.9,26050
2023,8,"CITROEN",2.9,26564
2023,8,"JEEP",0.9,8089
2023,8,"DS",0.4,3380
2023,8,"ALFA_ROMEO",0.3,2546
2023,8,"LANCIA_CHRYSLER",0.3,2495
2023,8,"RENAULT_GROUP",8.8,79467
2023,8,"RENAULT",4.5,41043
2023,8,"DACIA",4.2,38215
2023,8,"ALPINE",0,209
2023,8,"HYUNDAI_GROUP",8.5,76631
2023,8,"KIA",4.1,37104
2023,8,"HYUNDAI",4.4,39527
2023,8,"TOYOTA_GROUP",7.1,64484
2023,8,"TOYOTA",6.7,60306
2023,8,"LEXUS",0.5,4178
2023,8,"BMW_GROUP",7.1,64316
2023,8,"BMW",5.8,52385
2023,8,"MINI",1.3,11930
2023,8,"MERCEDES_BENZ",5.3,48220
2023,8,"MERCEDES",4.9,44631
2023,8,"SMART",0.4,3589
2023,8,"FORD",3.8,34658
2023,8,"TESLA",3.8,34088
2023,8,"NISSAN",1.8,16314
2023,8,"VOLVO_CARS",1.7,15192
2023,8,"SUZUKI",1.5,13701
2023,8,"MAZDA",1.3,11967
2023,8,"JAGUAR_LAND_ROVER_GROUP",0.8,7444
2023,8,"LAND_ROVER",0.7,6284
2023,8,"JAGUAR",0.1,1160
2023,8,"HONDA",0.4,3817
2023,8,"MITSUBISHI",0.3,3160
2023,9,"VOLKSWAGEN_GROUP",24.4,284113
2023,9,"VOLKSWAGEN",9.9,115448
2023,9,"AUDI",5.5,64113
2023,9,"SKODA",5,57952
2023,9,"SEAT",1.6,18906
2023,9,"CUPRA",1.7,19316
2023,9,"PORSCHE",0.7,7798
2023,9,"STELLANTIS",17.2,200826
2023,9,"PEUGEOT",4.9,57438
2023,9,"OPEL_VAUXHALL",3.9,45361
2023,9,"FIAT",3,35176
2023,9,"CITROEN",3.3,38090
2023,9,"JEEP",1,11945
2023,9,"DS",0.4,4160
2023,9,"ALFA_ROMEO",0.3,4049
2023,9,"LANCIA_CHRYSLER",0.3,3795
2023,9,"RENAULT_GROUP",8.8,102461
2023,9,"RENAULT",5.1,59318
2023,9,"DACIA",3.7,42877
2023,9,"ALPINE",0,266
2023,9,"HYUNDAI_GROUP",8.8,102390
2023,9,"KIA",4.9,56919
2023,9,"HYUNDAI",3.9,45471
2023,9,"TOYOTA_GROUP",7,82112
2023,9,"TOYOTA",6.4,74928
2023,9,"LEXUS",0.6,7184
2023,9,"BMW_GROUP",6.7,77711
2023,9,"BMW",5.3,61770
2023,9,"MINI",1.4,15940
2023,9,"MERCEDES_BENZ",6,69593
2023,9,"MERCEDES",5.8,67846
2023,9,"SMART",0.1,1747
2023,9,"FORD",4.3,50709
2023,9,"TESLA",2.9,34080
2023,9,"NISSAN",2.8,32116
2023,9,"VOLVO_CARS",2.1,24160
2023,9,"SUZUKI",1.7,20412
2023,9,"MAZDA",1.7,19838
2023,9,"JAGUAR_LAND_ROVER_GROUP",1.3,15467
2023,9,"LAND_ROVER",1.1,12393
2023,9,"JAGUAR",0.3,3074
2023,9,"HONDA",0.6,7459
2023,9,"MITSUBISHI",0.3,3929
2023,10,"VOLKSWAGEN_GROUP",24.8,257526
2023,10,"VOLKSWAGEN",9.3,97132
2023,10,"AUDI",6,62754
2023,10,"SKODA",5.2,53850
2023,10,"SEAT",1.5,15989
2023,10,"CUPRA",1.7,17613
2023,10,"PORSCHE",0.9,9624
2023,10,"STELLANTIS",17.4,180327
2023,10,"PEUGEOT",5,52017
2023,10,"OPEL_VAUXHALL",3.5,36516
2023,10,"FIAT",3.3,34105
2023,10,"CITROEN",3.2,33193
2023,10,"JEEP",1.2,12075
2023,10,"DS",0.3,3310
2023,10,"ALFA_ROMEO",0.4,4232
2023,10,"LANCIA_CHRYSLER",0.4,4228
2023,10,"RENAULT_GROUP",9.9,103153
2023,10,"RENAULT",5.4,56629
2023,10,"DACIA",4.4,46222
2023,10,"ALPINE",0,302
2023,10,"HYUNDAI_GROUP",8.6,89551
2023,10,"KIA",4.5,46328
2023,10,"HYUNDAI",4.2,43223
2023,10,"TOYOTA_GROUP",7.2,74964
2023,10,"TOYOTA",6.7,70026
2023,10,"LEXUS",0.5,4938
2023,10,"BMW_GROUP",7.3,75979
2023,10,"BMW",5.9,60920
2023,10,"MINI",1.4,15059
2023,10,"MERCEDES_BENZ",5.4,56377
2023,10,"MERCEDES",5.2,53872
2023,10,"SMART",0.2,2505
2023,10,"FORD",4,41263
2023,10,"TESLA",1.7,18023
2023,10,"NISSAN",2.1,22100
2023,10,"VOLVO_CARS",2.4,24742
2023,10,"SUZUKI",1.6,16162
2023,10,"MAZDA",1.4,14207
2023,10,"JAGUAR_LAND_ROVER_GROUP",1.2,12250
2023,10,"LAND_ROVER",1,9928
2023,10,"JAGUAR",0.2,2322
2023,10,"HONDA",0.6,5829
2023,10,"MITSUBISHI",0.4,3740
2023,11,"VOLKSWAGEN_GROUP",25.8,277910
2023,11,"VOLKSWAGEN",10.4,111668
2023,11,"AUDI",5.7,61639
2023,11,"SKODA",5.7,61144
2023,11,"SEAT",1.8,18856
2023,11,"CUPRA",1.5,16533
2023,11,"PORSCHE",0.7,7489
2023,11,"STELLANTIS",14.9,160499
2023,11,"PEUGEOT",4.3,45814
2023,11,"OPEL_VAUXHALL",3.3,35658
2023,11,"FIAT",2.6,28499
2023,11,"CITROEN",2.6,27903
2023,11,"JEEP",1,10753
2023,11,"ALFA_ROMEO",0.4,4410
2023,11,"DS",0.3,2862
2023,11,"LANCIA_CHRYSLER",0.4,4003
2023,11,"RENAULT_GROUP",9.5,102312
2023,11,"RENAULT",5.1,54839
2023,11,"DACIA",4.4,47114
2023,11,"ALPINE",0,359
2023,11,"HYUNDAI_GROUP",8.3,89076
2023,11,"KIA",4.1,43838
2023,11,"HYUNDAI",4.2,45238
2023,11,"BMW_GROUP",8,86587
2023,11,"BMW",6.5,69500
2023,11,"MINI",1.6,17087
2023,11,"TOYOTA_GROUP",6.4,68363
2023,11,"TOYOTA",5.9,63781
2023,11,"LEXUS",0.4,4582
2023,11,"MERCEDES_BENZ",5.8,62255
2023,11,"MERCEDES",5.5,59642
2023,11,"SMART",0.2,2613
2023,11,"FORD",3.6,38946
2023,11,"TESLA",3.4,36149
2023,11,"NISSAN",2.3,24854
2023,11,"VOLVO_CARS",2.5,26428
2023,11,"SUZUKI",1.5,15782
2023,11,"MAZDA",1.4,14795
2023,11,"JAGUAR_LAND_ROVER_GROUP",1.2,12815
2023,11,"LAND_ROVER",1,10475
2023,11,"JAGUAR",0.2,2340
2023,11,"HONDA",0.5,5473
2023,11,"MITSUBISHI",0.4,4827
2023,12,"VOLKSWAGEN_GROUP",26,273176
2023,12,"VOLKSWAGEN",11.1,116075
2023,12,"AUDI",5.4,56272
2023,12,"SKODA",5.1,53906
2023,12,"SEAT",1.9,20135
2023,12,"CUPRA",1.9,19443
2023,12,"PORSCHE",0.7,6840
2023,12,"STELLANTIS",13,136016
2023,12,"PEUGEOT",3.7,38652
2023,12,"OPEL_VAUXHALL",3,30948
2023,12,"FIAT",2.4,25522
2023,12,"CITROEN",2.1,21884
2023,12,"JEEP",0.9,9212
2023,12,"ALFA_ROMEO",0.3,3459
2023,12,"DS",0.3,2784
2023,12,"LANCIA_CHRYSLER",0.3,3018
2023,12,"RENAULT_GROUP",10.6,111635
2023,12,"RENAULT",6.3,65744
2023,12,"DACIA",4.3,45184
2023,12,"ALPINE",0.1,707
2023,12,"HYUNDAI_GROUP",7.3,77059
2023,12,"KIA",3.3,34252
2023,12,"HYUNDAI",4.1,42807
2023,12,"BMW_GROUP",8.6,90662
2023,12,"BMW",6.9,72444
2023,12,"MINI",1.7,18219
2023,12,"TOYOTA_GROUP",6.8,71449
2023,12,"TOYOTA",6.3,65637
2023,12,"LEXUS",0.6,5812
2023,12,"MERCEDES_BENZ",6.7,70223
2023,12,"MERCEDES",6.4,67144
2023,12,"SMART",0.3,3079
2023,12,"FORD",3.4,35318
2023,12,"TESLA",3.7,38973
2023,12,"NISSAN",2.4,25041
2023,12,"VOLVO_CARS",2.9,30478
2023,12,"SUZUKI",1.5,15219
2023,12,"MAZDA",1.4,14748
2023,12,"JAGUAR_LAND_ROVER_GROUP",1.1,11598
2023,12,"LAND_ROVER",0.9,9853
2023,12,"JAGUAR",0.2,1745
2023,12,"HONDA",0.4,4477
2023,12,"MITSUBISHI",0.4,4227
2024,1,"VOLKSWAGEN_GROUP",25.4,258402
2024,1,"VOLKSWAGEN",9.4,95498
2024,1,"SKODA",5.8,59000
2024,1,"AUDI",5.2,53065
2024,1,"SEAT",2.5,24912
2024,1,"CUPRA",1.6,16154
2024,1,"PORSCHE",0.9,9153
2024,1,"STELLANTIS",18,183120
2024,1,"PEUGEOT",5.7,57447
2024,1,"OPEL_VAUXHALL",3.9,39305
2024,1,"CITROEN",3.2,32646
2024,1,"FIAT",2.9,29470
2024,1,"JEEP",1.2,12141
2024,1,"ALFA_ROMEO",0.4,3953
2024,1,"LANCIA_CHRYSLER",0.4,3917
2024,1,"DS",0.4,3715
2024,1,"RENAULT_GROUP",9.2,92935
2024,1,"DACIA",5.1,51673
2024,1,"RENAULT",4,41050
2024,1,"ALPINE",0,212
2024,1,"HYUNDAI_GROUP",8.5,86525
2024,1,"KIA",4.4,44737
2024,1,"HYUNDAI",4.1,41788
2024,1,"TOYOTA_GROUP",8.2,83420
2024,1,"TOYOTA",7.7,78314
2024,1,"LEXUS",0.5,5106
2024,1,"BMW_GROUP",7.1,72259
2024,1,"BMW",6,60781
2024,1,"MINI",1.1,11478
2024,1,"MERCEDES_BENZ",4.2,42258
2024,1,"MERCEDES",4,40869
2024,1,"SMART",0.1,1389
2024,1,"FORD",3.5,35603
2024,1,"NISSAN",2.6,26839
2024,1,"VOLVO_CARS",2.6,26033
2024,1,"TESLA",1.7,17493
2024,1,"SAIC_MOTOR",1.7,16776
2024,1,"SUZUKI",1.6,15795
2024,1,"MAZDA",1.2,12582
2024,1,"JAGUAR_LAND_ROVER_GROUP",1.2,12206
2024,1,"LAND_ROVER",1,10351
2024,1,"JAGUAR",0.2,1855
2024,1,"HONDA",0.6,5966
2024,1,"MITSUBISHI",0.5,4911
2024,2,"VOLKSWAGEN_GROUP",25.7,255962
2024,2,"VOLKSWAGEN",9.7,96291
2024,2,"SKODA",5.8,57962
2024,2,"AUDI",4.7,46467
2024,2,"SEAT",2.9,28509
2024,2,"CUPRA",1.7,16925
2024,2,"PORSCHE",0.9,9265
2024,2,"STELLANTIS",18.7,185897
2024,2,"PEUGEOT",5.8,58080
2024,2,"OPEL_VAUXHALL",3.4,34191
2024,2,"CITROEN",3.7,36663
2024,2,"FIAT",3.4,34003
2024,2,"JEEP",1.1,11260
2024,2,"LANCIA_CHRYSLER",0.4,4157
2024,2,"ALFA_ROMEO",0.4,3601
2024,2,"DS",0.4,3533
2024,2,"RENAULT_GROUP",9.7,96692
2024,2,"DACIA",4.7,46839
2024,2,"RENAULT",5,49552
2024,2,"ALPINE",0,301
2024,2,"HYUNDAI_GROUP",8,79130
2024,2,"KIA",3.9,39079
2024,2,"HYUNDAI",4,40051
2024,2,"TOYOTA_GROUP",7.5,74895
2024,2,"TOYOTA",7,70149
2024,2,"LEXUS",0.5,4746
2024,2,"BMW_GROUP",6.2,61536
2024,2,"BMW",5.1,50744
2024,2,"MINI",1.1,10792
2024,2,"MERCEDES_BENZ",4.9,48982
2024,2,"MERCEDES",4.7,46700
2024,2,"SMART",0.2,2282
2024,2,"FORD",3.3,32643
2024,2,"VOLVO_CARS",2.7,26884
2024,2,"NISSAN",2.4,23834
2024,2,"TESLA",2.8,28211
2024,2,"SUZUKI",1.8,18142
2024,2,"SAIC_MOTOR",1.6,16148
2024,2,"MAZDA",1.2,12262
2024,2,"JAGUAR_LAND_ROVER_GROUP",0.8,7973
2024,2,"LAND_ROVER",0.7,6665
2024,2,"JAGUAR",0.1,1308
2024,2,"MITSUBISHI",0.6,5837
2024,2,"HONDA",0.5,5414
2024,3,"VOLKSWAGEN_GROUP",23.4,323773
2024,3,"VOLKSWAGEN",9.3,128716
2024,3,"SKODA",4.9,67460
2024,3,"AUDI",4.7,64952
2024,3,"SEAT",2,28346
2024,3,"CUPRA",1.5,20951
2024,3,"PORSCHE",0.9,12503
2024,3,"STELLANTIS",16.5,228740
2024,3,"PEUGEOT",5,68786
2024,3,"OPEL_VAUXHALL",3.5,48445
2024,3,"CITROEN",3.3,45515
2024,3,"FIAT",2.7,37657
2024,3,"JEEP",1,13426
2024,3,"LANCIA_CHRYSLER",0.4,4889
2024,3,"ALFA_ROMEO",0.4,5019
2024,3,"DS",0.3,4281
2024,3,"RENAULT_GROUP",8.9,123603
2024,3,"RENAULT",5.1,70144
2024,3,"DACIA",3.8,52993
2024,3,"ALPINE",0,466
2024,3,"HYUNDAI_GROUP",8.1,112692
2024,3,"KIA",4.3,59335
2024,3,"HYUNDAI",3.9,53357
2024,3,"TOYOTA_GROUP",7.4,102400
2024,3,"TOYOTA",6.9,95358
2024,3,"LEXUS",0.5,7042
2024,3,"BMW_GROUP",7,96961
2024,3,"BMW",5.8,80371
2024,3,"MINI",1.2,16589
2024,3,"MERCEDES_BENZ",5.9,81717
2024,3,"MERCEDES",5.7,79422
2024,3,"SMART",0.2,2295
2024,3,"FORD",3.5,48161
2024,3,"NISSAN",3.8,51988
2024,3,"VOLVO_CARS",2.8,38582
2024,3,"TESLA",2.9,40109
2024,3,"SAIC_MOTOR",1.9,25992
2024,3,"SUZUKI",1.7,24109
2024,3,"MAZDA",1.5,20227
2024,3,"JAGUAR_LAND_ROVER_GROUP",1.8,24649
2024,3,"LAND_ROVER",1.4,19154
2024,3,"JAGUAR",0.4,5495
2024,3,"HONDA",0.9,12754
2024,3,"MITSUBISHI",0.8,11586
2024,4,"VOLKSWAGEN_GROUP",27.8,300598
2024,4,"VOLKSWAGEN",11.3,122489
2024,4,"SKODA",5.6,60794
2024,4,"AUDI",5.2,56057
2024,4,"SEAT",3.1,33167
2024,4,"CUPRA",1.6,16862
2024,4,"PORSCHE",1,10436
2024,4,"STELLANTIS",15.4,166534
2024,4,"PEUGEOT",4.7,50801
2024,4,"OPEL_VAUXHALL",2.9,31049
2024,4,"CITROEN",3,32862
2024,4,"FIAT",2.7,29613
2024,4,"JEEP",0.9,10260
2024,4,"ALFA_ROMEO",0.4,4275
2024,4,"LANCIA_CHRYSLER",0.4,3819
2024,4,"DS",0.3,3252
2024,4,"RENAULT_GROUP",10.1,109391
2024,4,"RENAULT",5.4,58841
2024,4,"DACIA",4.6,50153
2024,4,"ALPINE",0,397
2024,4,"HYUNDAI_GROUP",8.5,91361
2024,4,"KIA",4.1,44743
2024,4,"HYUNDAI",4.3,46618
2024,4,"TOYOTA_GROUP",7.8,84329
2024,4,"TOYOTA",7.2,78347
2024,4,"LEXUS",0.6,5982
2024,4,"BMW_GROUP",6.9,74551
2024,4,"BMW",6,65357
2024,4,"MINI",0.9,9194
2024,4,"MERCEDES_BENZ",5,54160
2024,4,"MERCEDES",4.8,51884
2024,4,"SMART",0.2,2276
2024,4,"FORD",3.3,36066
2024,4,"VOLVO_CARS",3.1,33767
2024,4,"NISSAN",2,21692
2024,4,"TESLA",1.3,13951
2024,4,"SUZUKI",1.6,17318
2024,4,"SAIC_MOTOR",1.6,17091
2024,4,"MAZDA",1.3,13742
2024,4,"JAGUAR_LAND_ROVER_GROUP",1.1,12286
2024,4,"LAND_ROVER",1,10327
2024,4,"JAGUAR",0.2,1959
2024,4,"HONDA",0.5,5887
2024,4,"MITSUBISHI",0.3,3771
2024,5,"VOLKSWAGEN_GROUP",27.1,296446
2024,5,"VOLKSWAGEN",11,120141
2024,5,"AUDI",5.4,59096
2024,5,"SKODA",5.7,62372
2024,5,"SEAT",2.3,25162
2024,5,"CUPRA",1.9,20324
2024,5,"PORSCHE",0.8,8567
2024,5,"STELLANTIS",15.9,173969
2024,5,"PEUGEOT",4.9,53447
2024,5,"OPEL_VAUXHALL",3.4,37463
2024,5,"FIAT",2.5,27766
2024,5,"CITROEN",3,32521
2024,5,"JEEP",1,11384
2024,5,"DS",0.3,2882
2024,5,"ALFA_ROMEO",0.4,4052
2024,5,"LANCIA_CHRYSLER",0.4,3847
2024,5,"RENAULT_GROUP",9.8,106570
2024,5,"RENAULT",5.7,62565
2024,5,"DACIA",4,43647
2024,5,"ALPINE",0,358
2024,5,"HYUNDAI_GROUP",8.4,92196
2024,5,"KIA",4.2,45499
2024,5,"HYUNDAI",4.3,46697
2024,5,"TOYOTA_GROUP",7.4,81175
2024,5,"TOYOTA",6.9,75031
2024,5,"LEXUS",0.6,6144
2024,5,"BMW_GROUP",6.8,74318
2024,5,"BMW",5.9,64923
2024,5,"MINI",0.9,9395
2024,5,"MERCEDES_BENZ",5.1,55412
2024,5,"MERCEDES",4.9,53127
2024,5,"SMART",0.2,2285
2024,5,"FORD",3.2,35272
2024,5,"VOLVO_CARS",3.1,34101
2024,5,"NISSAN",2,21706
2024,5,"TESLA",1.7,19108
2024,5,"SAIC_MOTOR",1.9,20992
2024,5,"SUZUKI",1.6,17001
2024,5,"MAZDA",1.4,15385
2024,5,"JAGUAR_LAND_ROVER_GROUP",1.2,12688
2024,5,"LAND_ROVER",1,10806
2024,5,"JAGUAR",0.2,1882
2024,5,"HONDA",0.5,5220
2024,5,"MITSUBISHI",0.4,4766
2024,6,"VOLKSWAGEN_GROUP",25.8,337618
2024,6,"VOLKSWAGEN",11,143651
2024,6,"SKODA",5.3,68972
2024,6,"AUDI",5,64917
2024,6,"SEAT",2,26738
2024,6,"CUPRA",1.8,24205
2024,6,"PORSCHE",0.6,8192
2024,6,"STELLANTIS",15.7,205884
2024,6,"PEUGEOT",4.3,57023
2024,6,"OPEL_VAUXHALL",3.3,43039
2024,6,"CITROEN",3.3,43148
2024,6,"FIAT",2.9,38087
2024,6,"JEEP",0.9,12177
2024,6,"ALFA_ROMEO",0.3,3937
2024,6,"LANCIA_CHRYSLER",0.3,4164
2024,6,"DS",0.3,3789
2024,6,"RENAULT_GROUP",10.9,143053
2024,6,"RENAULT",6.2,81823
2024,6,"DACIA",4.6,60395
2024,6,"ALPINE",0.1,835
2024,6,"HYUNDAI_GROUP",7.8,102078
2024,6,"KIA",3.7,48951
2024,6,"HYUNDAI",4.1,53127
2024,6,"TOYOTA_GROUP",7.2,93758
2024,6,"TOYOTA",6.6,86623
2024,6,"LEXUS",0.5,7135
2024,6,"BMW_GROUP",6.3,82136
2024,6,"BMW",5.4,70499
2024,6,"MINI",0.9,11637
2024,6,"MERCEDES_BENZ",4.8,62280
2024,6,"MERCEDES",4.7,61493
2024,6,"SMART",0.1,787
2024,6,"FORD",2.9,38326
2024,6,"VOLVO_CARS",2.6,34607
2024,6,"TESLA",3.4,45141
2024,6,"NISSAN",2.3,29875
2024,6,"SAIC_MOTOR",2.4,31482
2024,6,"SUZUKI",1.6,21505
2024,6,"MAZDA",1.5,19043
2024,6,"JAGUAR_LAND_ROVER_GROUP",1,13442
2024,6,"LAND_ROVER",0.9,11626
2024,6,"JAGUAR",0.1,1816
2024,6,"HONDA",0.5,6057
2024,6,"MITSUBISHI",0.5,6794
2024,7,"VOLKSWAGEN_GROUP",26.6,273237
2024,7,"VOLKSWAGEN",10.5,107904
2024,7,"SKODA",5.8,59565
2024,7,"AUDI",5.8,59013
2024,7,"SEAT",2.2,22775
2024,7,"CUPRA",1.6,16823
2024,7,"PORSCHE",0.6,6391
2024,7,"STELLANTIS",14.9,152830
2024,7,"PEUGEOT",4.8,49297
2024,7,"OPEL_VAUXHALL",3.3,33862
2024,7,"CITROEN",2.6,26274
2024,7,"FIAT",2.3,23759
2024,7,"JEEP",1,10443
2024,7,"ALFA_ROMEO",0.3,3101
2024,7,"LANCIA_CHRYSLER",0.3,2840
2024,7,"DS",0.3,2839
2024,7,"RENAULT_GROUP",9.4,95901
2024,7,"RENAULT",4.7,48232
2024,7,"DACIA",4.6,47477
2024,7,"ALPINE",0,192
2024,7,"HYUNDAI_GROUP",9.2,93864
2024,7,"KIA",4.5,46640
2024,7,"HYUNDAI",4.6,47224
2024,7,"TOYOTA_GROUP",7.9,80983
2024,7,"TOYOTA",7.3,74761
2024,7,"LEXUS",0.6,6222
2024,7,"BMW_GROUP",7.3,74618
2024,7,"BMW",6.2,63708
2024,7,"MINI",1.1,10910
2024,7,"MERCEDES_BENZ",5.2,53451
2024,7,"MERCEDES",5.2,53364
2024,7,"SMART",0,87
2024,7,"FORD",3.2,32330
2024,7,"VOLVO_CARS",2.9,30077
2024,7,"NISSAN",2.1,21952
2024,7,"TESLA",1.5,14890
2024,7,"SAIC_MOTOR",2,20438
2024,7,"SUZUKI",1.5,15386
2024,7,"MAZDA",1.1,11790
2024,7,"JAGUAR_LAND_ROVER_GROUP",1.2,12056
2024,7,"LAND_ROVER",1,10596
2024,7,"JAGUAR",0.1,1460
2024,7,"HONDA",0.6,6069
2024,7,"MITSUBISHI",0.3,3224