"year","month","brand","car_registrations","truck_registrations","registrations","is_estimated"
2023,1,"ACURA",3185,6303,9488,false
2023,1,"ALFA ROMEO",294,372,666,true
2023,1,"AUDI",6107,10431,16538,true
2023,1,"BENTLEY",171,129,300,true
2023,1,"BMW",10306,13102,23408,true
2023,1,"BRIGHTDROP",,,,false
2023,1,"BUICK",,10879,10879,false
2023,1,"CADILLAC",2292,8369,10661,true
2023,1,"CHEVROLET",17991,101351,119342,true
2023,1,"CHRYSLER",842,7694,8536,true
2023,1,"DODGE",,5311,14704,false
2023,1,"DODGE",9393,,,true
2023,1,"FERRARI",163,,163,false
2023,1,"FIAT",,34,34,true
2023,1,"FORD",4010,135252,139262,false
2023,1,"GENESIS",1168,2737,3905,false
2023,1,"GMC",,42208,42208,true
2023,1,"HONDA",28050,46976,75026,false
2023,1,"HYUNDAI",13547,38454,52001,false
2023,1,"INFINITI",391,4103,4494,true
2023,1,"JAGUAR",110,676,786,true
2023,1,"JEEP",,44256,44256,true
2023,1,"KARMA",4,,4,true
2023,1,"KIA",14208,37775,51983,false
2023,1,"LAMBORGHINI",77,121,198,true
2023,1,"LAND ROVER",,6425,6425,true
2023,1,"LEXUS",5798,16205,22003,true
2023,1,"LINCOLN",,5808,5808,false
2023,1,"LUCID",393,,393,true
2023,1,"MASERATI",150,480,630,false
2023,1,"MAZDA",2301,20666,22967,false
2023,1,"MERCEDES-BENZ",7316,16244,23560,true
2023,1,"MINI",1349,702,2051,false
2023,1,"MITSUBISHI",1085,4753,5838,false
2023,1,"NISSAN",16938,38819,55757,true
2023,1,"POLESTAR",991,,991,true
2023,1,"PORSCHE",2074,4511,6585,true
2023,1,"RAM",,40342,40342,false
2023,1,"RIVIAN",,2472,2472,true
2023,1,"ROLLS ROYCE",53,59,112,true
2023,1,"SUBARU",16472,27901,44373,false
2023,1,"TESLA",21550,32325,53875,true
2023,1,"TOYOTA",33332,81424,114756,true
2023,1,"VOLKSWAGEN",1958,18507,20465,true
2023,1,"VOLVO",541,7152,7693,false
2023,2,"ACURA",3626,6782,10408,false
2023,2,"ALFA ROMEO",275,466,741,true
2023,2,"AUDI",5935,11133,17068,true
2023,2,"BENTLEY",180,135,315,true
2023,2,"BMW",9727,14804,24531,true
2023,2,"BRIGHTDROP",,,,false
2023,2,"BUICK",,12084,12084,false
2023,2,"CADILLAC",2551,8780,11331,true
2023,2,"CHEVROLET",11791,108058,119849,true
2023,2,"CHRYSLER",871,8570,9441,true
2023,2,"DODGE",,,15537,false
2023,2,"DODGE",11155,4382,,true
2023,2,"FERRARI",276,,276,false
2023,2,"FIAT",2,36,38,true
2023,2,"FORD",4971,145247,150218,false
2023,2,"GENESIS",1034,3174,4208,false
2023,2,"GMC",,42296,42296,true
2023,2,"HONDA",26321,46518,72839,false
2023,2,"HYUNDAI",14691,42353,57044,false
2023,2,"INFINITI",541,4466,5007,true
2023,2,"JAGUAR",111,684,795,true
2023,2,"JEEP",,53757,53757,true
2023,2,"KARMA",2,,2,true
2023,2,"KIA",18598,42261,60859,false
2023,2,"LAMBORGHINI",80,126,206,true
2023,2,"LAND ROVER",,5321,5321,true
2023,2,"LEXUS",4905,16270,21175,true
2023,2,"LINCOLN",,6159,6159,false
2023,2,"LUCID",455,,455,true
2023,2,"MASERATI",99,453,552,false
2023,2,"MAZDA",3629,27010,30639,false
2023,2,"MERCEDES-BENZ",8204,18420,26624,true
2023,2,"MINI",1339,821,2160,false
2023,2,"MITSUBISHI",1208,5801,7009,false
2023,2,"NISSAN",17545,49841,67386,true
2023,2,"POLESTAR",1034,,1034,true
2023,2,"PORSCHE",2422,5264,7686,true
2023,2,"RAM",,40256,40256,false
2023,2,"RIVIAN",,2667,2667,true
2023,2,"ROLLS ROYCE",55,62,117,true
2023,2,"SUBARU",16191,29599,45790,false
2023,2,"TESLA",24130,36195,60325,true
2023,2,"TOYOTA",42875,93647,136522,true
2023,2,"VINFAST",,,,true
2023,2,"VOLKSWAGEN",1784,20322,22106,true
2023,2,"VOLVO",619,7941,8560,false
2023,3,"ACURA",4622,8947,13569,false
2023,3,"ALFA ROMEO",397,586,983,true
2023,3,"AUDI",6787,12370,19157,true
2023,3,"BENTLEY",205,155,360,true
2023,3,"BMW",11379,15852,27231,true
2023,3,"BRIGHTDROP",,,,false
2023,3,"BUICK",,15175,15175,false
2023,3,"CADILLAC",2462,11867,14329,true
2023,3,"CHEVROLET",23490,131439,154929,true
2023,3,"CHRYSLER",1276,12646,13922,true
2023,3,"DODGE",,7783,20734,false
2023,3,"DODGE",12951,,,true
2023,3,"FERRARI",285,,285,false
2023,3,"FIAT",1,65,66,true
2023,3,"FORD",5760,157687,163447,false
2023,3,"GENESIS",1808,3848,5656,false
2023,3,"GMC",,46104,46104,true
2023,3,"HONDA",33983,69194,103177,false
2023,3,"HYUNDAI",18982,56422,75404,false
2023,3,"INFINITI",808,5448,6256,true
2023,3,"JAGUAR",168,549,717,true
2023,3,"JEEP",,56190,56190,true
2023,3,"KARMA",2,,2,true
2023,3,"KIA",21062,50232,71294,false
2023,3,"LAMBORGHINI",92,144,236,true
2023,3,"LAND ROVER",,6360,6360,true
2023,3,"LEXUS",6283,20376,26659,true
2023,3,"LINCOLN",,6967,6967,false
2023,3,"LUCID",520,,520,true
2023,3,"MASERATI",179,442,621,false
2023,3,"MAZDA",3955,30823,34778,false
2023,3,"MERCEDES-BENZ",8882,19835,28717,true
2023,3,"MINI",1452,822,2274,false
2023,3,"MITSUBISHI",1049,7042,8091,false
2023,3,"NISSAN",29937,66981,96918,true
2023,3,"POLESTAR",1183,,1183,true
2023,3,"PORSCHE",2290,4196,6486,true
2023,3,"RAM",,48124,48124,false
2023,3,"RIVIAN",,2807,2807,true
2023,3,"ROLLS ROYCE",62,72,134,true
2023,3,"SUBARU",22602,30611,53213,false
2023,3,"TESLA",21778,37081,58859,true
2023,3,"TOYOTA",43348,105677,149025,true
2023,3,"VINFAST",,,,true
2023,3,"VOLKSWAGEN",2852,22430,25282,true
2023,3,"VOLVO",458,8709,9167,true
2023,4,"TESLA",0,0,56887,true
2023,5,"ACURA",4979,8726,13705,false
2023,5,"ALFA ROMEO",294,415,709,true
2023,5,"AUDI",5767,12351,18118,true
2023,5,"BENTLEY",208,158,366,true
2023,5,"BMW",12146,18104,30250,false
2023,5,"BRIGHTDROP",,295,295,true
2023,5,"BUICK",,13720,13720,true
2023,5,"CADILLAC",2754,9846,12600,true
2023,5,"CHEVROLET",19224,128572,147796,true
2023,5,"CHRYSLER",1297,13761,15058,true
2023,5,"DODGE",13636,8274,21910,true
2023,5,"FERRARI",275,,275,false
2023,5,"FIAT",,56,56,true
2023,5,"FORD",3559,159520,163079,false
2023,5,"GENESIS",1759,3846,5605,false
2023,5,"GMC",,52713,52713,true
2023,5,"HONDA",36118,69622,105740,false
2023,5,"HYUNDAI",20897,49104,70001,false
2023,5,"INFINITI",695,4975,5670,true
2023,5,"JAGUAR",155,519,674,true
2023,5,"JEEP",,65125,65125,true
2023,5,"KARMA",4,,4,true
2023,5,"KIA",18644,52853,71497,false
2023,5,"LAMBORGHINI",105,163,268,true
2023,5,"LAND ROVER",,5609,5609,true
2023,5,"LEXUS",5804,21187,26991,true
2023,5,"LINCOLN",,6503,6503,false
2023,5,"LUCID",518,,518,true
2023,5,"MASERATI",94,561,655,false
2023,5,"MAZDA",3558,29704,33262,false
2023,5,"MERCEDES-BENZ",8822,22730,31552,true
2023,5,"MINI",1916,790,2706,false
2023,5,"MITSUBISHI",695,7368,8063,false
2023,5,"NISSAN",25142,48592,73734,true
2023,5,"POLESTAR",902,,902,true
2023,5,"PORSCHE",2507,4590,7097,true
2023,5,"RAM",,48273,48273,true
2023,5,"RIVIAN",,2743,2743,true
2023,5,"ROLLS ROYCE",69,77,146,true
2023,5,"SUBARU",26552,27979,54531,false
2023,5,"TESLA",21011,35774,56785,true
2023,5,"TOYOTA",54260,108487,162747,true
2023,5,"VINFAST",,260,260,true
2023,5,"VOLKSWAGEN",4907,20969,25876,true
2023,5,"VOLVO",569,10154,10723,false
2023,6,"ACURA",4621,8550,13171,false
2023,6,"ALFA ROMEO",311,579,890,true
2023,6,"AUDI",5672,13255,18927,true
2023,6,"BENTLEY",205,154,359,true
2023,6,"BMW",11588,18487,30075,false
2023,6,"BRIGHTDROP",,3,3,false
2023,6,"BUICK",,,14578,false
2023,6,"BUICK",,14578,,true
2023,6,"CADILLAC",2703,10680,13383,true
2023,6,"CHEVROLET",20366,134882,155248,true
2023,6,"CHRYSLER",1636,16953,18589,true
2023,6,"DODGE",,6848,19094,false
2023,6,"DODGE",12246,,,true
2023,6,"FERRARI",266,,266,false
2023,6,"FIAT",1,45,46,false
2023,6,"FORD",2060,166702,168762,false
2023,6,"GENESIS",2354,3649,6003,false
2023,6,"GMC",,51728,51728,true
2023,6,"HONDA",33714,64613,98327,false
2023,6,"HYUNDAI",18420,50931,69351,false
2023,6,"INFINITI",723,4854,5577,true
2023,6,"JAGUAR",204,451,655,true
2023,6,"JEEP",,58975,58975,false
2023,6,"KARMA",1,,1,true
2023,6,"KIA",19224,51271,70495,false
2023,6,"LAMBORGHINI",103,160,263,true
2023,6,"LAND ROVER",,6154,6154,true
2023,6,"LEXUS",5931,21099,27030,true
2023,6,"LINCOLN",,6938,6938,false
2023,6,"LUCID",471,,471,true
2023,6,"MASERATI",134,558,692,false
2023,6,"MAZDA",3611,26175,29786,false
2023,6,"MERCEDES-BENZ",8094,24128,32222,true
2023,6,"MINI",1764,953,2717,false
2023,6,"MITSUBISHI",591,7079,7670,false
2023,6,"NISSAN",24525,51101,75626,true
2023,6,"POLESTAR",1120,,1120,true
2023,6,"PORSCHE",2637,4539,7176,true
2023,6,"RAM",,48904,48904,false
2023,6,"RIVIAN",,4242,4242,true
2023,6,"ROLLS ROYCE",61,72,133,true
2023,6,"SUBARU",24234,30934,55168,false
2023,6,"TESLA",21469,38166,59635,true
2023,6,"TOYOTA",52029,114177,166206,true
2023,6,"VINFAST",,373,373,true
2023,6,"VOLKSWAGEN",5978,19785,25763,true
2023,6,"VOLVO",1325,11608,12933,false
2023,7,"ACURA",4373,7689,12062,false
2023,7,"ALFA ROMEO",241,628,869,true
2023,7,"AUDI",5581,14180,19761,true
2023,7,"BENTLEY",196,147,343,true
2023,7,"BMW",11693,13714,25407,false
2023,7,"BRIGHTDROP",,,,false
2023,7,"BUICK",,,13811,false
2023,7,"BUICK",,13811,,true
2023,7,"CADILLAC",1971,9586,11557,true
2023,7,"CHEVROLET",16014,125414,141428,true
2023,7,"CHRYSLER",1394,15301,16695,true
2023,7,"DODGE",,5457,14683,false
2023,7,"DODGE",9226,,,true
2023,7,"FERRARI",267,,267,false
2023,7,"FIAT",,47,47,false
2023,7,"FORD",1233,164741,165974,false
2023,7,"GENESIS",2045,4285,6330,false
2023,7,"GMC",,46242,46242,true
2023,7,"HONDA",35027,64673,99700,false
2023,7,"HYUNDAI",16853,49674,66527,false
2023,7,"INFINITI",646,4395,5041,true
2023,7,"JAGUAR",167,407,574,true
2023,7,"JEEP",,52314,52314,false
2023,7,"KARMA",4,,4,true
2023,7,"KIA",20041,50889,70930,false
2023,7,"LAMBORGHINI",99,153,252,true
2023,7,"LAND ROVER",,6305,6305,true
2023,7,"LEXUS",5621,19160,24781,true
2023,7,"LINCOLN",,6661,6661,false
2023,7,"LUCID",482,,482,true
2023,7,"MASERATI",89,413,502,false
2023,7,"MAZDA",3714,26915,30629,false
2023,7,"MERCEDES-BENZ",7528,22439,29967,true
2023,7,"MINI",1907,1207,3114,false
2023,7,"MITSUBISHI",1080,6254,7334,false
2023,7,"NISSAN",23087,42885,65972,true
2023,7,"POLESTAR",1242,,1242,true
2023,7,"PORSCHE",3054,5249,8303,true
2023,7,"RAM",,40567,40567,false
2023,7,"RIVIAN",,4346,4346,true
2023,7,"ROLLS ROYCE",60,69,129,true
2023,7,"SUBARU",19605,30784,50389,false
2023,7,"TESLA",20931,37211,58142,true
2023,7,"TOYOTA",54612,113362,167974,true
2023,7,"VINFAST",,380,380,true
2023,7,"VOLKSWAGEN",5764,19726,25490,true
2023,7,"VOLVO",785,10000,10785,false
2023,8,"ACURA",4025,8134,12159,false
2023,8,"ALFA ROMEO",358,699,1057,true
2023,8,"AUDI",5527,15068,20595,true
2023,8,"BENTLEY",179,135,314,true
2023,8,"BMW",10970,18754,29724,false
2023,8,"BRIGHTDROP",,10,10,false
2023,8,"BUICK",,,14301,false
2023,8,"BUICK",,14301,,true
2023,8,"CADILLAC",2019,10180,12199,true
2023,8,"CHEVROLET",17692,134282,151974,true
2023,8,"CHRYSLER",1836,13497,15333,true
2023,8,"DODGE",,7656,17784,false
2023,8,"DODGE",10128,,,true
2023,8,"FERRARI",363,,363,false
2023,8,"FIAT",,46,46,false
2023,8,"FORD",2036,151574,153610,false
2023,8,"GENESIS",1806,4647,6453,false
2023,8,"GMC",,50411,50411,true
2023,8,"HONDA",34738,65047,99785,false
2023,8,"HYUNDAI",16322,48724,65046,false
2023,8,"INFINITI",722,4919,5641,true
2023,8,"JAGUAR",188,432,620,true
2023,8,"JEEP",,52419,52419,false
2023,8,"KARMA",3,,3,true
2023,8,"KIA",20596,51551,72147,false
2023,8,"LAMBORGHINI",96,152,248,true
2023,8,"LAND ROVER",,6531,6531,true
2023,8,"LEXUS",5626,18356,23982,true
2023,8,"LINCOLN",,6589,6589,false
2023,8,"LUCID",598,,598,true
2023,8,"MASERATI",133,458,591,false
2023,8,"MAZDA",3344,26830,30174,false
2023,8,"MERCEDES-BENZ",7269,21671,28940,true
2023,8,"MINI",1221,574,1795,false
2023,8,"MITSUBISHI",1518,5979,7497,false
2023,8,"NISSAN",27418,39753,67171,true
2023,8,"POLESTAR",1259,,1259,true
2023,8,"PORSCHE",3168,5448,8616,true
2023,8,"RAM",,46399,46399,false
2023,8,"RIVIAN",,4600,4600,true
2023,8,"ROLLS ROYCE",60,67,127,true
2023,8,"SUBARU",21418,34989,56407,false
2023,8,"TESLA",21036,37396,58432,true
2023,8,"TOYOTA",50445,119365,169810,true
2023,8,"VINFAST",,394,394,true
2023,8,"VOLKSWAGEN",5187,23184,28371,true
2023,8,"VOLVO",919,9725,10644,false
2023,9,"ACURA",4013,8659,12672,false
2023,9,"ALFA ROMEO",264,699,963,true
2023,9,"AUDI",4834,14345,19179,true
2023,9,"BENTLEY",174,131,305,true
2023,9,"BMW",8770,20048,28818,false
2023,9,"BRIGHTDROP",,25,25,false
2023,9,"BUICK",,,15866,false
2023,9,"BUICK",,15866,,true
2023,9,"CADILLAC",2321,9561,11882,true
2023,9,"CHEVROLET",15335,138078,153413,true
2023,9,"CHRYSLER",732,9555,10287,true
2023,9,"DODGE",,5114,13750,false
2023,9,"DODGE",8636,,,true
2023,9,"FERRARI",240,,240,false
2023,9,"FIAT",1,51,52,false
2023,9,"FISKER",,525,525,true
2023,9,"FORD",6575,150566,157141,false
2023,9,"GENESIS",2280,4364,6644,false
2023,9,"GMC",,46115,46115,true
2023,9,"HONDA",35519,67246,102765,false
2023,9,"HYUNDAI",14471,54490,68961,false
2023,9,"INFINITI",673,5189,5862,true
2023,9,"JAGUAR",155,587,742,true
2023,9,"JEEP",,49886,49886,false
2023,9,"KARMA",4,,4,true
2023,9,"KIA",18952,48312,67264,false
2023,9,"LAMBORGHINI",99,153,252,true
2023,9,"LAND ROVER",,6178,6178,true
2023,9,"LEXUS",5921,20212,26133,true
2023,9,"LINCOLN",,7133,7133,false
2023,9,"LUCID",538,,538,true
2023,9,"MASERATI",111,428,539,false
2023,9,"MAZDA",3235,24796,28031,false
2023,9,"MERCEDES-BENZ",7555,22146,29701,true
2023,9,"MINI",1806,1185,2991,false
2023,9,"MITSUBISHI",1430,5935,7365,false
2023,9,"NISSAN",21713,45478,67191,true
2023,9,"POLESTAR",1222,,1222,true
2023,9,"PORSCHE",2604,4390,6994,true
2023,9,"RAM",,47412,47412,false
2023,9,"RIVIAN",,5113,5113,true
2023,9,"ROLLS ROYCE",67,72,139,true
2023,9,"SUBARU",22040,34295,56335,false
2023,9,"TESLA",18522,32929,51451,true
2023,9,"TOYOTA",55060,122556,177616,true
2023,9,"VINFAST",,385,385,true
2023,9,"VOLKSWAGEN",7859,26036,33895,true
2023,9,"VOLVO",1552,9394,10946,false
2023,10,"ACURA",3316,7838,11154,false
2023,10,"ALFA ROMEO",235,704,939,true
2023,10,"AUDI",4052,13364,17416,true
2023,10,"BENTLEY",154,114,268,true
2023,10,"BMW",9690,19742,29432,false
2023,10,"BRIGHTDROP",,35,35,false
2023,10,"BUICK",,,11897,false
2023,10,"BUICK",,11897,,true
2023,10,"CADILLAC",2012,8502,10514,true
2023,10,"CHEVROLET",7950,114960,122910,true
2023,10,"CHRYSLER",707,2918,3625,true
2023,10,"DODGE",,5875,12376,false
2023,10,"DODGE",6501,,,true
2023,10,"FERRARI",257,,257,false
2023,10,"FIAT",,43,43,false
2023,10,"FISKER",,477,477,true
2023,10,"FORD",4270,137616,141886,false
2023,10,"GENESIS",1522,4202,5724,false
2023,10,"GMC",,42848,42848,true
2023,10,"HONDA",32574,64360,96934,false
2023,10,"HYUNDAI",13155,47650,60805,false
2023,10,"INFINITI",488,4624,5112,true
2023,10,"JAGUAR",158,517,675,true
2023,10,"JEEP",,42845,42845,false
2023,10,"KARMA",1,,1,true
2023,10,"KIA",17186,41978,59164,false
2023,10,"LAMBORGHINI",87,135,222,true
2023,10,"LAND ROVER",,5980,5980,true
2023,10,"LEXUS",5189,21615,26804,true
2023,10,"LINCOLN",,6874,6874,false
2023,10,"LUCID",485,,485,true
2023,10,"MASERATI",84,403,487,false
2023,10,"MAZDA",2736,20768,23504,false
2023,10,"MERCEDES-BENZ",7287,21360,28647,true
2023,10,"MINI",1826,944,2770,false
2023,10,"MITSUBISHI",1114,5082,6196,false
2023,10,"NISSAN",20774,41873,62647,true
2023,10,"POLESTAR",1111,,1111,true
2023,10,"PORSCHE",2369,3991,6360,true
2023,10,"RAM",,40864,40864,false
2023,10,"RIVIAN",,4624,4624,true
2023,10,"ROLLS ROYCE",55,60,115,true
2023,10,"SUBARU",18941,34831,53772,false
2023,10,"TESLA",18240,32426,50666,true
2023,10,"TOYOTA",51915,115905,167820,true
2023,10,"VINFAST",,350,350,true
2023,10,"VOLKSWAGEN",7787,24423,32210,true
2023,10,"VOLVO",1776,9520,11296,false
2023,11,"ACURA",3344,7766,11110,false
2023,11,"ALFA ROMEO",203,693,896,true
2023,11,"AUDI",5424,14890,20314,true
2023,11,"BENTLEY",144,109,253,true
2023,11,"BMW",11790,20793,32583,false
2023,11,"BRIGHTDROP",,83,83,false
2023,11,"BUICK",,,14093,false
2023,11,"BUICK",,14093,,true
2023,11,"CADILLAC",1831,8585,10416,true
2023,11,"CHEVROLET",13826,118755,132581,true
2023,11,"CHRYSLER",625,2559,3184,true
2023,11,"DODGE",,5634,14114,false
2023,11,"DODGE",8480,,,true
2023,11,"FERRARI",267,,267,false
2023,11,"FIAT",,33,33,false
2023,11,"FISKER",,500,500,true
2023,11,"FORD",4293,133919,138212,false
2023,11,"GENESIS",1147,4840,5987,false
2023,11,"GMC",,44016,44016,true
2023,11,"HONDA",30772,64153,94925,false
2023,11,"HYUNDAI",12520,57559,70079,false
2023,11,"INEOS",,120,120,false
2023,11,"INFINITI",407,4270,4677,true
2023,11,"JAGUAR",134,471,605,true
2023,11,"JEEP",,42662,42662,false
2023,11,"KARMA",3,,3,true
2023,11,"KIA",16766,41572,58338,false
2023,11,"LAMBORGHINI",89,138,227,true
2023,11,"LAND ROVER",,5084,5084,true
2023,11,"LEXUS",5293,26275,31568,true
2023,11,"LINCOLN",,6241,6241,false
2023,11,"LUCID",492,,492,true
2023,11,"MASERATI",139,482,621,false
2023,11,"MAZDA",2955,24760,27715,false
2023,11,"MERCEDES-BENZ",7715,22610,30325,true
2023,11,"MINI",1975,1238,3213,false
2023,11,"MITSUBISHI",1337,4969,6306,false
2023,11,"NISSAN",19860,35951,55811,true
2023,11,"POLESTAR",1128,,1128,true
2023,11,"PORSCHE",2899,4886,7785,true
2023,11,"RAM",,44112,44112,false
2023,11,"RIVIAN",,4717,4717,true
2023,11,"ROLLS ROYCE",55,62,117,true
2023,11,"SUBARU",18009,35318,53327,false
2023,11,"TESLA",18396,32704,51100,true
2023,11,"TOYOTA",50133,118583,168716,true
2023,11,"VINFAST",,375,375,true
2023,11,"VOLKSWAGEN",6142,25532,31674,true
2023,11,"VOLVO",1723,9948,11671,false
2023,12,"ACURA",3754,9102,12856,false
2023,12,"ALFA ROMEO",329,1144,1473,true
2023,12,"AUDI",6333,16607,22940,true
2023,12,"BENTLEY",151,114,265,true
2023,12,"BMW",15760,30106,45866,false
2023,12,"BRIGHTDROP",,46,46,false
2023,12,"BUICK",,,16172,false
2023,12,"BUICK",,16172,,true
2023,12,"CADILLAC",2158,13290,15448,true
2023,12,"CHEVROLET",12380,138977,151357,true
2023,12,"CHRYSLER",681,2881,3562,true
2023,12,"DODGE",,9117,16024,false
2023,12,"DODGE",6907,,,true
2023,12,"FERRARI",236,,236,false
2023,12,"FIAT",46,56,102,false
2023,12,"FISKER",,695,695,true
2023,12,"FORD",4727,177256,181983,false
2023,12,"GENESIS",1431,5372,6803,false
2023,12,"GMC",,47432,47432,true
2023,12,"HONDA",35899,74633,110532,false
2023,12,"HYUNDAI",13855,61309,75164,false
2023,12,"INEOS",,810,810,true
2023,12,"INFINITI",408,5672,6080,true
2023,12,"JAGUAR",215,689,904,true
2023,12,"JEEP",,67311,67311,false
2023,12,"KARMA",5,,5,true
2023,12,"KIA",15732,44543,60275,false
2023,12,"LAMBORGHINI",103,162,265,true
2023,12,"LAND ROVER",,9022,9022,true
2023,12,"LEXUS",6425,31144,37569,true
2023,12,"LINCOLN",,9262,9262,false
2023,12,"LUCID",535,,535,true
2023,12,"MASERATI",111,1035,1146,false
2023,12,"MAZDA",2880,36638,39518,false
2023,12,"MERCEDES-BENZ",8654,25366,34020,true
2023,12,"MINI",2347,1348,3695,false
2023,12,"MITSUBISHI",1424,5678,7102,false
2023,12,"NISSAN",24840,42580,67420,true
2023,12,"POLESTAR",1097,,1097,true
2023,12,"PORSCHE",2672,4197,6869,true
2023,12,"RAM",,49387,49387,false
2023,12,"RIVIAN",,4890,4890,true
2023,12,"ROLLS ROYCE",56,64,120,true
2023,12,"SUBARU",20360,37404,57764,false
2023,12,"TESLA",20334,36147,56481,true
2023,12,"TOYOTA",56506,130678,187184,true
2023,12,"VINFAST",,395,395,true
2023,12,"VOLKSWAGEN",5950,26652,32602,true
2023,12,"VOLVO",1161,12448,13609,false
2024,1,"ACURA",2748,5888,8636,false
2024,1,"ALFA ROMEO",164,491,655,true
2024,1,"ASTON MARTIN",,,,true
2024,1,"AUDI",4076,8612,12688,true
2024,1,"BENTLEY",142,107,249,true
2024,1,"BMW",9443,13517,22960,false
2024,1,"BRIGHTDROP",,221,221,true
2024,1,"BUICK",,11311,11311,true
2024,1,"CADILLAC",1547,9110,10657,true
2024,1,"CHEVROLET",13018,94495,107513,true
2024,1,"CHRYSLER",479,6955,7434,true
2024,1,"DODGE",4873,9050,13923,true
2024,1,"FERRARI",199,,199,false
2024,1,"FIAT",29,32,61,true
2024,1,"FISKER",,535,535,true
2024,1,"FORD",3771,141124,144895,false
2024,1,"GENESIS",1440,2829,4269,false
2024,1,"GMC",,33855,33855,true
2024,1,"HONDA",28474,56100,84574,false
2024,1,"HYUNDAI",10781,36762,47543,false
2024,1,"INEOS",,760,760,true
2024,1,"INFINITI",441,3598,4039,true
2024,1,"JAGUAR",175,547,722,true
2024,1,"JEEP",,42891,42891,true
2024,1,"KARMA",4,,4,true
2024,1,"KIA",13193,37897,51090,false
2024,1,"LAMBORGHINI",105,163,268,true
2024,1,"LAND ROVER",,6155,6155,true
2024,1,"LEXUS",3902,18831,22733,true
2024,1,"LINCOLN",,6985,6985,false
2024,1,"LOTUS",,,,true
2024,1,"LUCID",439,,439,true
2024,1,"MASERATI",71,398,469,false
2024,1,"MAZDA",3269,27010,30279,false
2024,1,"MCLAREN",,,,true
2024,1,"MERCEDES-BENZ",6012,19365,25377,true
2024,1,"MINI",1166,762,1928,false
2024,1,"MITSUBISHI",1389,5824,7213,false
2024,1,"NISSAN",20968,34118,55086,true
2024,1,"POLESTAR",842,,842,true
2024,1,"PORSCHE",2058,3231,5289,true
2024,1,"RAM",,31868,31868,true
2024,1,"RIVIAN",,5027,5027,true
2024,1,"ROLLS ROYCE",49,56,105,true
2024,1,"SUBARU",16469,28041,44510,false
2024,1,"TESLA",16687,37143,53830,true
2024,1,"TOYOTA",47217,95676,142893,true
2024,1,"VINFAST",,304,304,true
2024,1,"VOLKSWAGEN",4848,16606,21454,true
2024,1,"VOLVO",1008,6708,7716,false
2024,2,"ACURA",2904,6865,9769,false
2024,2,"ALFA ROMEO",224,613,837,true
2024,2,"ASTON MARTIN",,,,true
2024,2,"AUDI",5148,9209,14357,true
2024,2,"BENTLEY",178,134,312,true
2024,2,"BMW",9905,16442,26347,false
2024,2,"BRIGHTDROP",,24,24,true
2024,2,"BUICK",,14511,14511,true
2024,2,"CADILLAC",1390,10540,11930,true
2024,2,"CHEVROLET",16168,114748,130916,true
2024,2,"CHRYSLER",505,12179,12684,true
2024,2,"DODGE",6221,8335,14556,true
2024,2,"FERRARI",321,,321,false
2024,2,"FIAT",1,32,33,true
2024,2,"FISKER",,515,515,true
2024,2,"FORD",4115,160451,164566,false
2024,2,"GENESIS",1132,3473,4605,false
2024,2,"GMC",,39820,39820,true
2024,2,"HONDA",34345,65996,100341,false
2024,2,"HYUNDAI",13713,46628,60341,false
2024,2,"INEOS",,650,650,true
2024,2,"INFINITI",497,4135,4632,true
2024,2,"JAGUAR",161,514,675,true
2024,2,"JEEP",,52194,52194,true
2024,2,"KARMA",1,,1,true
2024,2,"KIA",14168,44891,59059,false
2024,2,"LAMBORGHINI",102,160,262,true
2024,2,"LAND ROVER",,8205,8205,true
2024,2,"LEXUS",4715,20728,25443,true
2024,2,"LINCOLN",,8499,8499,false
2024,2,"LOTUS",,,,true
2024,2,"LUCID",603,,603,true
2024,2,"MASERATI",100,386,486,false
2024,2,"MAZDA",3499,29206,32705,false
2024,2,"MCLAREN",,,,true
2024,2,"MERCEDES-BENZ",6453,20791,27244,true
2024,2,"MINI",1463,729,2192,false
2024,2,"MITSUBISHI",1487,7336,8823,false
2024,2,"NISSAN",27286,59703,86989,true
2024,2,"POLESTAR",678,,678,true
2024,2,"PORSCHE",2022,3175,5197,true
2024,2,"RAM",,28630,28630,true
2024,2,"RIVIAN",,5168,5168,true
2024,2,"ROLLS ROYCE",52,87,139,true
2024,2,"SUBARU",15641,31548,47189,false
2024,2,"TESLA",14607,39438,54045,true
2024,2,"TOYOTA",53910,104937,158847,true
2024,2,"VINFAST",,298,298,true
2024,2,"VOLKSWAGEN",4756,21273,26029,true
2024,2,"VOLVO",1024,6896,7920,false
2024,3,"ACURA",3463,8505,11968,false
2024,3,"ALFA ROMEO",252,541,793,true
2024,3,"ASTON MARTIN",,,,true
2024,3,"AUDI",5664,11517,17181,true
2024,3,"BENTLEY",188,142,330,true
2024,3,"BMW",12781,22387,35168,false
2024,3,"BRIGHTDROP",,11,11,true
2024,3,"BUICK",,18563,18563,true
2024,3,"CADILLAC",1819,11045,12864,true
2024,3,"CHEVROLET",15713,131443,147156,true
2024,3,"CHRYSLER",708,13980,14688,true
2024,3,"DODGE",9304,5165,14469,true
2024,3,"FERRARI",229,,265,false
2024,3,"FIAT",11,49,60,true
2024,3,"FISKER",,610,610,true
2024,3,"FORD",5821,164639,170460,false
2024,3,"GENESIS",1634,4269,5903,false
2024,3,"GMC",,50703,50703,true
2024,3,"HONDA",41037,77499,118536,false
2024,3,"HYUNDAI",19176,57744,76920,false
2024,3,"INEOS",,595,595,true
2024,3,"INFINITI",496,4737,5233,true
2024,3,"JAGUAR",338,810,1148,true
2024,3,"JEEP",,61954,61954,true
2024,3,"KARMA",1,,1,true
2024,3,"KIA",14838,54634,69472,false
2024,3,"LAMBORGHINI",117,184,301,true
2024,3,"LAND ROVER",,8416,8416,true
2024,3,"LEXUS",6447,23848,30295,true
2024,3,"LINCOLN",,9410,9410,false
2024,3,"LOTUS",,,,true
2024,3,"LUCID",925,,925,true
2024,3,"MASERATI",370,376,746,false
2024,3,"MAZDA",4605,32514,37119,false
2024,3,"MCLAREN",,,,true
2024,3,"MERCEDES-BENZ",6995,24602,31597,true
2024,3,"MINI",1614,635,2249,false
2024,3,"MITSUBISHI",2127,10240,12367,false
2024,3,"NISSAN",30303,66453,96756,true
2024,3,"POLESTAR",690,,690,true
2024,3,"PORSCHE",1725,3427,5152,true
2024,3,"RAM",,34810,34810,true
2024,3,"RIVIAN",,4892,4892,true
2024,3,"ROLLS ROYCE",58,98,156,true
2024,3,"SUBARU",20105,41192,61297,false
2024,3,"TESLA",12617,37850,50467,true
2024,3,"TOYOTA",60994,123892,184886,true
2024,3,"VINFAST",,325,325,true
2024,3,"VOLKSWAGEN",7570,27048,34618,true
2024,3,"VOLVO",3501,11814,15315,false
2024,4,"ACURA",2984,7560,10544,false
2024,4,"ALFA ROMEO",239,609,848,true
2024,4,"ASTON MARTIN",73,87,160,true
2024,4,"AUDI",5514,11104,16618,true
2024,4,"BENTLEY",173,130,303,true
2024,4,"BMW",10222,17855,28077,false
2024,4,"BRIGHTDROP",,142,142,true
2024,4,"BUICK",,14828,14828,true
2024,4,"CADILLAC",1964,10623,12587,true
2024,4,"CHEVROLET",17604,127856,145460,true
2024,4,"CHRYSLER",576,13585,14161,true
2024,4,"DODGE",8629,6052,14681,true
2024,4,"FERRARI",268,33,301,false
2024,4,"FIAT",23,52,75,true
2024,4,"FISKER",,840,840,true
2024,4,"FORD",4657,165645,170302,false
2024,4,"GENESIS",1440,4068,5508,false
2024,4,"GMC",,49388,49388,true
2024,4,"HONDA",34446,71596,106042,false
2024,4,"HYUNDAI",16703,51900,68603,false
2024,4,"INEOS",,543,543,true
2024,4,"INFINITI",506,4458,4964,true
2024,4,"JAGUAR",238,657,895,true
2024,4,"JEEP",,44439,44439,true
2024,4,"KARMA",2,,2,true
2024,4,"KIA",12776,52978,65754,false
2024,4,"LAMBORGHINI",90,143,233,true
2024,4,"LAND ROVER",,7785,7785,true
2024,4,"LEXUS",5944,22531,28475,true
2024,4,"LINCOLN",,8297,8297,false
2024,4,"LOTUS",2,,2,true
2024,4,"LUCID",622,,622,true
2024,4,"MASERATI",71,319,390,false
2024,4,"MAZDA",3398,27727,31125,false
2024,4,"MCLAREN",69,,69,true
2024,4,"MERCEDES-BENZ",6295,22142,28437,true
2024,4,"MINI",1238,498,1736,false
2024,4,"MITSUBISHI",1678,5497,7175,false
2024,4,"NISSAN",29755,39647,69402,true
2024,4,"POLESTAR",450,,450,true
2024,4,"PORSCHE",2336,4638,6974,true
2024,4,"RAM",,27373,27373,true
2024,4,"RIVIAN",,3939,3939,true
2024,4,"ROLLS ROYCE",53,90,143,true
2024,4,"SUBARU",19455,36408,55863,false
2024,4,"TESLA",11825,35475,47300,true
2024,4,"TOYOTA",55051,127943,182994,true
2024,4,"VINFAST",,345,345,true
2024,4,"VOLKSWAGEN",5565,26613,32178,true
2024,4,"VOLVO",1548,9056,10604,false
2024,5,"ACURA",3095,9646,12741,false
2024,5,"ALFA ROMEO",188,605,793,true
2024,5,"ASTON MARTIN",99,69,168,true
2024,5,"AUDI",6336,11061,17397,true
2024,5,"BENTLEY",169,113,282,true
2024,5,"BMW",10947,21425,32372,false
2024,5,"BRIGHTDROP",,110,110,true
2024,5,"BUICK",,16473,16473,true
2024,5,"CADILLAC",1974,11897,13871,true
2024,5,"CHEVROLET",17664,143337,161001,true
2024,5,"CHRYSLER",732,12547,13279,true
2024,5,"DODGE",11229,8438,19667,true
2024,5,"FERRARI",261,44,305,false
2024,5,"FIAT",70,57,127,true
2024,5,"FISKER",,717,717,true
2024,5,"FORD",5174,175438,180612,false
2024,5,"GENESIS",1425,4492,5917,false
2024,5,"GMC",,53885,53885,true
2024,5,"HONDA",37781,76607,114388,false
2024,5,"HYUNDAI",21110,57375,78485,false
2024,5,"INEOS",,573,573,true
2024,5,"INFINITI",452,4393,4845,true
2024,5,"JAGUAR",272,692,964,true
2024,5,"JEEP",,52525,52525,true
2024,5,"KARMA",2,,2,true
2024,5,"KIA",15090,60066,75156,false
2024,5,"LAMBORGHINI",102,152,254,true
2024,5,"LAND ROVER",,8284,8284,true
2024,5,"LEXUS",6444,25421,31865,true
2024,5,"LINCOLN",,8326,8326,false
2024,5,"LOTUS",5,,5,true
2024,5,"LUCID",559,,559,true
2024,5,"MASERATI",82,347,429,false
2024,5,"MAZDA",3614,31948,35562,false
2024,5,"MCLAREN",75,,75,true
2024,5,"MERCEDES-BENZ",6758,23772,30530,true
2024,5,"MINI",1187,893,2080,false
2024,5,"MITSUBISHI",2006,6080,8086,false
2024,5,"NISSAN",31336,42372,73708,true
2024,5,"POLESTAR",377,,377,true
2024,5,"PORSCHE",2516,4995,7511,true
2024,5,"RAM",,35998,35998,true
2024,5,"RIVIAN",,3620,3620,true
2024,5,"ROLLS ROYCE",100,51,151,true
2024,5,"SUBARU",22352,36004,58356,false
2024,5,"TESLA",14974,36661,51635,true
2024,5,"TOYOTA",51298,133604,184902,true
2024,5,"VINFAST",,455,455,true
2024,5,"VOLKSWAGEN",9177,25825,35002,true
2024,5,"VOLVO",1602,8551,10153,false
2024,6,"ACURA",2655,7702,10357,false
2024,6,"ALFA ROMEO",229,622,851,true
2024,6,"ASTON MARTIN",93,64,157,true
2024,6,"AUDI",5294,9378,14672,true
2024,6,"BENTLEY",163,108,271,true
2024,6,"BMW",10812,19976,30788,false
2024,6,"BRIGHTDROP",,238,238,true
2024,6,"BUICK",,14144,14144,true
2024,6,"CADILLAC",1671,10326,11997,true
2024,6,"CHEVROLET",12162,129082,141244,true
2024,6,"CHRYSLER",690,11636,12326,true
2024,6,"DODGE",7838,7601,15439,true
2024,6,"FERRARI",188,29,217,false
2024,6,"FIAT",70,44,114,true
2024,6,"FISKER",,570,570,true
2024,6,"FORD",3906,153723,157629,false
2024,6,"GENESIS",1252,4367,5619,false
2024,6,"GMC",,56312,56312,true
2024,6,"HONDA",34426,67959,102385,false
2024,6,"HYUNDAI",18865,48766,67631,false
2024,6,"INEOS",,535,535,true
2024,6,"INFINITI",495,3819,4314,true
2024,6,"JAGUAR",166,1046,1212,true
2024,6,"JEEP",,50183,50183,true
2024,6,"KARMA",2,,2,true
2024,6,"KIA",15131,50798,65929,false
2024,6,"LAMBORGHINI",87,131,218,true
2024,6,"LAND ROVER",,7068,7068,true
2024,6,"LEXUS",5376,23024,28400,true
2024,6,"LINCOLN",,7300,7300,false
2024,6,"LOTUS",150,,150,true
2024,6,"LUCID",674,,674,true
2024,6,"MASERATI",44,357,401,false
2024,6,"MAZDA",3446,32250,35696,false
2024,6,"MCLAREN",95,,95,true
2024,6,"MERCEDES-BENZ",7289,25641,32930,true
2024,6,"MINI",1204,878,2082,false
2024,6,"MITSUBISHI",1175,6291,7466,false
2024,6,"NISSAN",32575,46913,79488,true
2024,6,"POLESTAR",318,,318,true
2024,6,"PORSCHE",2691,4406,7097,true
2024,6,"RAM",,42114,42114,true
2024,6,"RIVIAN",,4826,4826,true
2024,6,"ROLLS ROYCE",89,46,135,true
2024,6,"SUBARU",22732,32496,55228,false
2024,6,"TESLA",15721,38487,54208,true
2024,6,"TOYOTA",47379,117534,164913,true
2024,6,"VINFAST",,425,425,true
2024,6,"VOLKSWAGEN",9612,23820,33432,true
2024,6,"VOLVO",1650,7654,9304,false
2024,7,"ACURA",2634,8552,11186,false
2024,7,"ALFA ROMEO",102,573,675,true
2024,7,"ASTON MARTIN",78,52,130,true
2024,7,"AUDI",4658,10967,15625,true
2024,7,"BENTLEY",161,108,269,true
2024,7,"BMW",11572,16976,28548,false
2024,7,"BRIGHTDROP",,24,24,true
2024,7,"BUICK",,14189,14189,true
2024,7,"CADILLAC",1714,9466,11180,true
2024,7,"CHEVROLET",7181,125806,132987,true
2024,7,"CHRYSLER",386,7814,8200,true
2024,7,"DODGE",3446,6244,9690,true
2024,7,"FERRARI",326,56,382,false
2024,7,"FIAT",58,7,65,true
2024,7,"FISKER",,752,752,true
2024,7,"FORD",3209,161376,164585,false
2024,7,"GENESIS",1236,4958,6194,false
2024,7,"GMC",,53361,53361,true
2024,7,"HONDA",34189,75362,109551,false
2024,7,"HYUNDAI",20297,48905,69202,false
2024,7,"INEOS",,530,530,true
2024,7,"INFINITI",435,3979,4414,true
2024,7,"JAGUAR",181,817,998,true
2024,7,"JEEP",,43223,43223,true
2024,7,"KARMA",1,,1,true
2024,7,"KIA",15162,48418,63580,false
2024,7,"LAMBORGHINI",124,186,310,true
2024,7,"LAND ROVER",,7195,7195,true
2024,7,"LEXUS",5583,23449,29032,true
2024,7,"LINCOLN",,7602,7602,false
2024,7,"LOTUS",225,,225,true
2024,7,"LUCID",697,,697,true
2024,7,"MASERATI",67,177,244,false
2024,7,"MAZDA",4463,35403,39866,false
2024,7,"MCLAREN",90,,90,true
2024,7,"MERCEDES-BENZ",8673,22854,31527,true
2024,7,"MINI",1143,1021,2164,false
2024,7,"MITSUBISHI",1617,6690,8307,false
2024,7,"NISSAN",30043,40378,70421,true
2024,7,"POLESTAR",574,,574,true
2024,7,"PORSCHE",2663,4367,7030,true
2024,7,"RAM",,32181,32181,true
2024,7,"RIVIAN",,4904,4904,true
2024,7,"ROLLS ROYCE",87,44,131,true
2024,7,"SUBARU",20221,31481,51702,false
2024,7,"TESLA",13781,39221,53002,true
2024,7,"TOYOTA",47205,105645,152850,true
2024,7,"VINFAST",,355,355,true
2024,7,"VOLKSWAGEN",8366,23721,32087,true
2024,7,"VOLVO",1201,8396,9597,false
2024,8,"ACURA",2540,9457,11997,false
2024,8,"ALFA ROMEO",141,650,791,true
2024,8,"ASTON MARTIN",65,57,122,true
2024,8,"AUDI",4671,12867,17538,true
2024,8,"BENTLEY",184,91,275,true
2024,8,"BMW",10126,12909,23035,false
2024,8,"BRIGHTDROP",,22,22,true
2024,8,"BUICK",,17084,17084,true
2024,8,"CADILLAC",2017,11291,13308,true
2024,8,"CHEVROLET",13213,142017,155230,true
2024,8,"CHRYSLER",386,5155,5541,true
2024,8,"DODGE",3271,7017,10288,true
2024,8,"FERRARI",216,43,259,false
2024,8,"FIAT",89,20,109,true
2024,8,"FISKER",,450,450,true
2024,8,"FORD",3164,168598,171762,false
2024,8,"GENESIS",1563,5823,7386,false
2024,8,"GMC",,52017,52017,true
2024,8,"HONDA",39227,88726,127953,false
2024,8,"HYUNDAI",21140,58138,79278,false
2024,8,"INEOS",,515,515,true
2024,8,"INFINITI",460,5061,5521,true
2024,8,"JAGUAR",130,699,829,true
2024,8,"JEEP",,58048,58048,true
2024,8,"KARMA",1,,1,true
2024,8,"KIA",18875,56342,75217,false
2024,8,"LAMBORGHINI",130,195,325,true
2024,8,"LAND ROVER",,7334,7334,true
2024,8,"LEXUS",6183,24295,30478,true
2024,8,"LINCOLN",,9841,9841,false
2024,8,"LOTUS",243,,243,true
2024,8,"LUCID",660,,660,true
2024,8,"MASERATI",76,250,326,false
2024,8,"MAZDA",4388,36871,41259,false
2024,8,"MCLAREN",87,,87,true
2024,8,"MERCEDES-BENZ",8905,23469,32374,true
2024,8,"MINI",515,449,964,false
2024,8,"MITSUBISHI",988,9044,10032,false
2024,8,"NISSAN",25057,40951,66008,true
2024,8,"POLESTAR",704,,704,true
2024,8,"PORSCHE",2760,4525,7285,true
2024,8,"RAM",,39426,39426,true
2024,8,"RIVIAN",,5133,5133,true
2024,8,"ROLLS ROYCE",91,47,138,true
2024,8,"SUBARU",23154,39899,63053,false
2024,8,"TESLA",15948,37212,53160,true
2024,8,"TOYOTA",55113,116637,171750,true
2024,8,"VINFAST",,315,315,true
2024,8,"VOLKSWAGEN",8325,28349,36674,true
2024,8,"VOLVO",1703,8717,10420,false
2024,10,"ACURA",2012,8835,10847,false
2024,10,"ALFA ROMEO",208,404,612,true
2024,10,"ASTON MARTIN",80,41,121,true
2024,10,"AUDI",3233,11882,15115,true
2024,10,"BENTLEY",149,74,223,true
2024,10,"BMW",10498,26280,36778,false
2024,10,"BRIGHTDROP",,232,232,true
2024,10,"BUICK",,16367,16367,true
2024,10,"CADILLAC",1938,11605,13543,true
2024,10,"CHEVROLET",14636,133370,148006,true
2024,10,"CHRYSLER",252,10477,10729,true
2024,10,"DODGE",2264,5310,7574,true
2024,10,"FERRARI",241,24,265,false
2024,10,"FIAT",153,93,246,true
2024,10,"FISKER",,50,50,true
2024,10,"FORD",2688,159635,162323,false
2024,10,"GENESIS",1496,5393,6889,false
2024,10,"GMC",,55340,55340,true
2024,10,"HONDA",28144,71355,99499,false
2024,10,"HYUNDAI",19288,52514,71802,false
2024,10,"INEOS",,140,140,true
2024,10,"INFINITI",380,4371,4751,true
2024,10,"JAGUAR",115,600,715,true
2024,10,"JEEP",,46689,46689,true
2024,10,"KARMA",,,,true
2024,10,"KIA",18676,50232,68908,false
2024,10,"LAMBORGHINI",132,208,340,true
2024,10,"LAND ROVER",,6900,6900,true
2024,10,"LEXUS",5407,21107,26514,true
2024,10,"LINCOLN",,9349,9349,false
2024,10,"LOTUS",250,,250,true
2024,10,"LUCID",670,,670,true
2024,10,"MASERATI",60,211,271,false
2024,10,"MAZDA",4401,32906,37307,false
2024,10,"MCLAREN",96,,96,true
2024,10,"MERCEDES-BENZ",8314,22287,30601,true
2024,10,"MINI",1354,1579,2933,false
2024,10,"MITSUBISHI",1629,6289,7918,false
2024,10,"NISSAN",27562,44831,72393,true
2024,10,"POLESTAR",945,50,995,true
2024,10,"PORSCHE",2731,3859,6590,true
2024,10,"RAM",,41429,41429,true
2024,10,"RIVIAN",,3380,3380,true
2024,10,"ROLLS ROYCE",60,43,103,true
2024,10,"SUBARU",19713,34839,54552,false
2024,10,"TESLA",19142,34033,53175,true
2024,10,"TOYOTA",53283,106884,160167,true
2024,10,"VINFAST",,230,230,true
2024,10,"VOLKSWAGEN",8041,25894,33935,true
2024,10,"VOLVO",449,8911,9360,false
2024,11,"ACURA",2368,9031,11399,false
2024,11,"ALFA ROMEO",186,481,667,true
2024,11,"ASTON MARTIN",65,53,118,true
2024,11,"AUDI",3846,14927,18773,true
2024,11,"BENTLEY",154,72,226,true
2024,11,"BMW",14034,24347,38381,false
2024,11,"BRIGHTDROP",,131,131,true
2024,11,"BUICK",,13806,13806,true
2024,11,"CADILLAC",1634,13879,15513,true
2024,11,"CHEVROLET",11159,144987,156146,true
2024,11,"CHRYSLER",199,8277,8476,true
2024,11,"DODGE",1430,5595,7025,true
2024,11,"FERRARI",273,28,301,false
2024,11,"FIAT",168,88,256,true
2024,11,"FISKER",,,,true
2024,11,"FORD",2355,153784,156139,false
2024,11,"GENESIS",2089,5914,8003,false
2024,11,"GMC",,57751,57751,true
2024,11,"HONDA",30038,79982,110020,false
2024,11,"HYUNDAI",19436,56572,76008,false
2024,11,"INEOS",,65,65,true
2024,11,"INFINITI",509,4511,5020,true
2024,11,"JAGUAR",125,635,760,true
2024,11,"JEEP",,39400,39400,true
2024,11,"KARMA",,,,true
2024,11,"KIA",17383,52724,70107,false
2024,11,"LAMBORGHINI",138,177,315,true
2024,11,"LAND ROVER",,7100,7100,true
2024,11,"LEXUS",6262,27145,33407,true
2024,11,"LINCOLN",,9279,9279,false
2024,11,"LOTUS",195,,195,true
2024,11,"LUCID",712,,712,true
2024,11,"MASERATI",80,227,307,false
2024,11,"MAZDA",4070,29352,33422,false
2024,11,"MCLAREN",107,,107,true
2024,11,"MERCEDES-BENZ",8592,23032,31624,true
2024,11,"MINI",1276,1582,2858,false
2024,11,"MITSUBISHI",3198,5864,9062,false
2024,11,"NISSAN",22026,45324,67350,true
2024,11,"OPEL",,,,false
2024,11,"POLESTAR",698,53,751,true
2024,11,"PORSCHE",2633,3720,6353,true
2024,11,"RAM",,38277,38277,true
2024,11,"RIVIAN",,3625,3625,true
2024,11,"ROLLS ROYCE",57,53,110,true
2024,11,"SUBARU",20237,37453,57690,false
2024,11,"TESLA",19060,32453,51513,true
2024,11,"THINK CITY",,,,false
2024,11,"TOYOTA",54306,117726,172032,true
2024,11,"VINFAST",,410,410,true
2024,11,"VOLKSWAGEN",8862,27949,36811,true
2024,11,"VOLVO",1757,9955,11712,true
2024,12,"ACURA",2409,10588,12997,false
2024,12,"ALFA ROMEO",202,558,760,true
2024,12,"ASTON MARTIN",99,58,157,true
2024,12,"AUDI",5437,17586,23023,true
2024,12,"BENTLEY",227,93,320,true
2024,12,"BMW",15184,27163,42347,false
2024,12,"BRIGHTDROP",,174,174,true
2024,12,"BUICK",,16013,16013,true
2024,12,"CADILLAC",1606,18422,20028,true
2024,12,"CHEVROLET",5719,167119,172838,true
2024,12,"CHRYSLER",175,8249,8424,true
2024,12,"DODGE",1262,6575,7837,true
2024,12,"FERRARI",393,37,430,false
2024,12,"FIAT",210,30,240,true
2024,12,"FISKER",,,,true
2024,12,"FORD",2475,176155,178630,false
2024,12,"GENESIS",1663,6496,8159,false
2024,12,"GMC",,65198,65198,true
2024,12,"HONDA",33435,89165,122600,false
2024,12,"HYUNDAI",20436,58062,78498,false
2024,12,"INEOS",,390,390,true
2024,12,"INFINITI",402,5330,5732,true
2024,12,"JAGUAR",89,933,1022,true
2024,12,"JEEP",,52487,52487,true
2024,12,"KARMA",,,,true
2024,12,"KIA",17550,55753,73303,false
2024,12,"LAMBORGHINI",147,187,334,true
2024,12,"LAND ROVER",,12090,12090,true
2024,12,"LEXUS",6869,30679,37548,true
2024,12,"LINCOLN",,11665,11665,false
2024,12,"LOTUS",210,,210,true
2024,12,"LUCID",,,,false
2024,12,"LUCID",967,,967,true
2024,12,"MASERATI",96,271,367,false
2024,12,"MAZDA",4661,35540,40201,false
2024,12,"MCLAREN",117,,117,true
2024,12,"MERCEDES-BENZ",8936,25057,33993,true
2024,12,"MINI",1346,1610,2956,false
2024,12,"MITSUBISHI",4915,5230,10145,false
2024,12,"NISSAN",24583,42655,67238,true
2024,12,"OPEL",,,,false
2024,12,"POLESTAR",760,70,830,true
2024,12,"PORSCHE",2760,4890,7650,true
2024,12,"RAM",,49615,49615,true
2024,12,"RIVIAN",,4915,4915,true
2024,12,"ROLLS ROYCE",59,92,151,true
2024,12,"SUBARU",21794,40077,61871,false
2024,12,"TESLA",21349,36351,57700,true
2024,12,"THINK CITY",,,,false
2024,12,"TOYOTA",51033,122403,173436,true
2024,12,"VINFAST",,750,750,true
2024,12,"VOLKSWAGEN",6160,27120,33280,true
2024,12,"VOLVO",463,13614,14077,false
2025,1,"ACURA",1747,6944,8691,false
2025,1,"ALFA ROMEO",131,329,460,false
2025,1,"ASTON MARTIN",63,53,116,true
2025,1,"AUDI",2831,9162,11993,false
2025,1,"BENTLEY",150,77,227,true
2025,1,"BMW",9755,12522,22277,false
2025,1,"BRIGHTDROP",,45,45,false
2025,1,"BUICK",,16677,16677,false
2025,1,"CADILLAC",1650,11701,13351,false
2025,1,"CHEVROLET",3384,117940,121324,false
2025,1,"CHRYSLER",117,9809,9926,false
2025,1,"DODGE",929,5502,6431,false
2025,1,"FERRARI",165,10,175,false
2025,1,"FIAT",124,19,143,false
2025,1,"FISKER",,,,true
2025,1,"FORD",2399,133107,135506,false
2025,1,"GENESIS",1038,3814,4852,false
2025,1,"GMC",,42473,42473,false
2025,1,"HONDA",25838,62245,88083,false
2025,1,"HYUNDAI",14494,40009,54503,false
2025,1,"INEOS",,306,306,true
2025,1,"INFINITI",179,3672,3851,false
2025,1,"JAGUAR",84,666,750,true
2025,1,"JEEP",,39586,39586,false
2025,1,"KARMA",,,,true
2025,1,"KIA",15973,41034,57007,false
2025,1,"LAMBORGHINI",103,108,211,true
2025,1,"LAND ROVER",,10940,10940,true
2025,1,"LEXUS",4023,18595,22618,false
2025,1,"LINCOLN",,6470,6470,false
2025,1,"LOTUS",105,,105,true
2025,1,"LUCID",615,50,665,true
2025,1,"MASERATI",117,181,298,false
2025,1,"MAZDA",3664,30017,33681,false
2025,1,"MCLAREN",84,,84,true
2025,1,"MERCEDES-BENZ",7659,21476,29135,true
2025,1,"MINI",1008,929,1937,false
2025,1,"MITSUBISHI",2735,4239,6974,false
2025,1,"NISSAN",23922,40165,64087,false
2025,1,"OPEL",,,,false
2025,1,"POLESTAR",450,55,505,true
2025,1,"PORSCHE",2402,4253,6655,true
2025,1,"RAM",,26397,26397,false
2025,1,"RIVIAN",,3060,3060,true
2025,1,"ROLLS ROYCE",49,88,137,true
2025,1,"SUBARU",16616,29738,46354,false
2025,1,"TESLA",17945,30555,48500,true
2025,1,"THINK CITY",,,,false
2025,1,"TOYOTA",42786,98181,140967,false
2025,1,"VINFAST",,595,595,true
2025,1,"VOLKSWAGEN",5709,21808,27517,false
2025,1,"VOLVO",295,7841,8136,false
2025,2,"ACURA",1805,7518,9323,false
2025,2,"ALFA ROMEO",196,547,743,false
2025,2,"ASTON MARTIN",86,59,145,false
2025,2,"AUDI",2844,9151,11995,false
2025,2,"BENTLEY",181,74,255,false
2025,2,"BMW",10650,16318,26968,false
2025,2,"BRIGHTDROP",,29,29,false
2025,2,"BUICK",,19449,19449,false
2025,2,"CADILLAC",1638,10916,12554,false
2025,2,"CHEVROLET",3854,133682,137536,false
2025,2,"CHRYSLER",104,10221,10325,false
2025,2,"DODGE",1255,4954,6209,false
2025,2,"FERRARI",241,20,261,false
2025,2,"FIAT",111,21,132,false
2025,2,"FORD",2792,148274,151066,false
2025,2,"GENESIS",1193,4353,5546,false
2025,2,"GMC",,45658,45658,false
2025,2,"HONDA",27084,70604,97688,false
2025,2,"HYUNDAI",16509,45523,62032,false
2025,2,"INEOS",,170,170,false
2025,2,"INFINITI",123,4011,4134,false
2025,2,"JAGUAR",95,880,975,false
2025,2,"JEEP",,42828,42828,false
2025,2,"KIA",16660,46643,63303,false
2025,2,"LAMBORGHINI",117,120,237,false
2025,2,"LAND ROVER",,11910,11910,false
2025,2,"LEXUS",4711,20619,25330,false
2025,2,"LINCOLN",,6754,6754,false
2025,2,"LOTUS",116,,116,false
2025,2,"LUCID",750,55,805,false
2025,2,"MASERATI",124,206,330,false
2025,2,"MAZDA",3681,29857,33538,false
2025,2,"MCLAREN",98,,98,false
2025,2,"MERCEDES-BENZ",8355,23425,31780,false
2025,2,"MINI",1107,1002,2109,false
2025,2,"MITSUBISHI",2323,8245,10568,false
2025,2,"NISSAN",40602,44445,85047,false
2025,2,"POLESTAR",150,340,490,false
2025,2,"PORSCHE",2599,4601,7200,false
2025,2,"RAM",,21059,21059,false
2025,2,"RIVIAN",,4100,4100,false
2025,2,"ROLLS ROYCE",60,99,159,false
2025,2,"SUBARU",17653,31472,49125,false
2025,2,"TESLA",14842,28808,43650,false
2025,2,"TOYOTA",44374,105645,150019,false
2025,2,"VINFAST",,420,420,false
2025,2,"VOLKSWAGEN",7004,21423,28427,false
2025,2,"VOLVO",553,10544,11097,false
2025,3,"ACURA",2660,10092,12752,false
2025,3,"ALFA ROMEO",214,535,749,false
2025,3,"ASTON MARTIN",112,77,189,false
2025,3,"AUDI",4205,14517,18722,false
2025,3,"BENTLEY",236,97,333,false
2025,3,"BMW",14998,23372,38370,false
2025,3,"BRIGHTDROP",,27,27,false
2025,3,"BUICK",,25696,25696,false
2025,3,"CADILLAC",1907,13945,15852,false
2025,3,"CHEVROLET",4983,176596,181579,false
2025,3,"CHRYSLER",120,14698,14818,false
2025,3,"DODGE",1737,7354,9091,false
2025,3,"FERRARI",289,30,319,false
2025,3,"FIAT",213,34,247,false
2025,3,"FORD",4186,183991,188177,false
2025,3,"GENESIS",1424,5686,7110,false
2025,3,"GMC",,58089,58089,false
2025,3,"HONDA",36666,98374,135040,false
2025,3,"HYUNDAI",21602,65417,87019,false
2025,3,"INEOS",,185,185,false
2025,3,"INFINITI",104,5076,5180,false
2025,3,"JAGUAR",53,531,584,false
2025,3,"JEEP",,58169,58169,false
2025,3,"KIA",20118,58422,78540,false
2025,3,"LAMBORGHINI",143,147,290,false
2025,3,"LAND ROVER",,9693,9693,false
2025,3,"LEXUS",6634,28461,35095,false
2025,3,"LINCOLN",,10507,10507,false
2025,3,"LOTUS",145,,145,false
2025,3,"LUCID",1049,30,1079,false
2025,3,"MASERATI",128,288,416,false
2025,3,"MAZDA",4452,38645,43097,false
2025,3,"MCLAREN",116,,116,false
2025,3,"MERCEDES-BENZ",7430,20904,28334,false
2025,3,"MINI",1669,1261,2930,false
2025,3,"MITSUBISHI",2243,11852,14095,false
2025,3,"NISSAN",49471,55315,104786,false
2025,3,"POLESTAR",115,501,616,false
2025,3,"PORSCHE",2291,4835,7126,false
2025,3,"RAM",,34880,34880,false
2025,3,"RIVIAN",,3260,3260,false
2025,3,"ROLLS ROYCE",66,108,174,false
2025,3,"SUBARU",25001,46477,71478,false
2025,3,"TESLA",18830,26005,44835,false
2025,3,"TOYOTA",60725,135515,196240,false
2025,3,"VINFAST",,327,327,false
2025,3,"VOLKSWAGEN",7747,24224,31971,false
2025,3,"VOLVO",244,13808,14052,false